Region,Anchor,Neighbor,Cooc_Windows,Anchor_WindowCount,Neighbor_WindowCount,NPMI
CN,人工智能,安全,1311,3546,2089,0.0595
CN,人工智能,技术,734,3546,1088,0.0772
CN,人工智能,发展,658,3546,796,0.164
CN,人工智能,服务,479,3546,796,0.0197
CN,人工智能,模型,474,3546,1093,-0.1078
CN,人工智能,系统,461,3546,632,0.0934
CN,人工智能,治理,434,3546,524,0.1391
CN,人工智能,社会,348,3546,562,0.0274
CN,人工智能,信息,322,3546,727,-0.0866
CN,人工智能,场景,318,3546,583,-0.0161
CN,人工智能,建设,305,3546,432,0.0698
CN,人工智能,数据,294,3546,953,-0.2027
CN,人工智能,防范,271,3546,369,0.0797
CN,人工智能,应对,271,3546,434,0.0279
CN,人工智能,管理,261,3546,388,0.0511
CN,人工智能,创新,255,3546,328,0.0961
CN,人工智能,内容,248,3546,798,-0.1897
CN,人工智能,加快,247,3546,309,0.1037
CN,人工智能,产品,240,3546,301,0.102
CN,人工智能,协同,234,3546,306,0.0885
CN,人工智能,研发,220,3546,356,0.023
CN,人工智能,影响,212,3546,433,-0.0462
CN,人工智能,全球,211,3546,236,0.132
CN,人工智能,探索,209,3546,315,0.0437
CN,人工智能,强化,188,3546,313,0.0139
CN,人工智能,算法,184,3546,505,-0.1283
CN,人工智能,形成,181,3546,249,0.0677
CN,人工智能,决策,179,3546,346,-0.0284
CN,人工智能,措施,177,3546,357,-0.0403
CN,人工智能,组织,176,3546,240,0.0697
CN,人工智能,模式,175,3546,240,0.068
CN,人工智能,智能化,171,3546,274,0.0242
CN,人工智能,合作,170,3546,205,0.1032
CN,人工智能,体系,165,3546,225,0.0684
CN,人工智能,伦理,165,3546,235,0.0564
CN,人工智能,机制,162,3546,377,-0.0786
CN,人工智能,制定,160,3546,260,0.0199
CN,人工智能,环境,158,3546,232,0.0474
CN,人工智能,培育,155,3546,184,0.1049
CN,人工智能,分级,153,3546,258,0.0097
CN,人工智能,监管,150,3546,220,0.0471
CN,人工智能,规范,147,3546,300,-0.0415
CN,人工智能,国际,146,3546,195,0.0717
CN,人工智能,输出,144,3546,405,-0.1265
CN,人工智能,标识,143,3546,646,-0.252
CN,人工智能,实现,142,3546,195,0.0638
CN,人工智能,分类,142,3546,226,0.0248
CN,人工智能,确保,139,3546,274,-0.0317
CN,人工智能,共享,136,3546,179,0.0742
CN,人工智能,开展,136,3546,240,-0.0026
CN,人工智能,失控,133,3546,150,0.114
CN,人工智能,规模,132,3546,226,0.0053
CN,人工智能,开源,131,3546,256,-0.029
CN,人工智能,提出,130,3546,195,0.0395
CN,人工智能,共识,127,3546,150,0.1008
CN,人工智能,风险,126,3546,159,0.0836
CN,人工智能,政府,123,3546,179,0.0467
CN,人工智能,国家,122,3546,238,-0.028
CN,人工智能,融合,120,3546,128,0.1252
CN,人工智能,基础设施,120,3546,165,0.0608
CN,人工智能,攻击,119,3546,252,-0.0486
CN,人工智能,范围,118,3546,195,0.0141
CN,人工智能,企业,117,3546,165,0.054
CN,人工智能,资源,116,3546,240,-0.0424
CN,人工智能,知识,114,3546,161,0.0533
CN,人工智能,带来,114,3546,184,0.0199
CN,人工智能,产业,113,3546,147,0.0737
CN,人工智能,平台,113,3546,174,0.0316
CN,人工智能,要素,113,3546,198,-0.0007
CN,人工智能,过程,112,3546,282,-0.091
CN,人工智能,服务提供者,112,3546,322,-0.124
CN,人工智能,经济,110,3546,137,0.084
CN,人工智能,框架,110,3546,178,0.0191
CN,人工智能,健康,109,3546,118,0.1185
CN,人工智能,合成,108,3546,235,-0.0541
CN,人工智能,训练,108,3546,424,-0.1999
CN,人工智能,研究,106,3546,166,0.027
CN,人工智能,优化,106,3546,221,-0.0434
CN,人工智能,终端,105,3546,105,0.1369
CN,人工智能,防护,105,3546,180,0.0047
CN,人工智能,挑战,102,3546,135,0.0677
CN,人工智能,评估,101,3546,188,-0.0153
CN,人工智能,打造,99,3546,120,0.0884
CN,人工智能,构建,99,3546,180,-0.0096
CN,人工智能,恶意,99,3546,206,-0.0422
CN,人工智能,重点,97,3546,120,0.0831
CN,人工智能,认知,97,3546,135,0.0548
CN,人工智能,软件,97,3546,135,0.0548
CN,人工智能,开放,97,3546,153,0.0247
CN,人工智能,深度,97,3546,165,0.0065
CN,人工智能,驱动,94,3546,97,0.1258
CN,人工智能,基础,93,3546,197,-0.0458
CN,人工智能,设计,92,3546,232,-0.0871
CN,人工智能,分析,91,3546,135,0.0388
CN,人工智能,识别,91,3546,211,-0.067
CN,人工智能,需求,90,3546,150,0.0112
CN,人工智能,可控,88,3546,135,0.0306
CN,人工智能,增强,88,3546,135,0.0306
CN,人工智能,可信,87,3546,88,0.1282
CN,人工智能,评价,86,3546,102,0.0906
CN,人工智能,关键,86,3546,120,0.0526
CN,人工智能,感知,86,3546,166,-0.0232
CN,人工智能,可能,86,3546,225,-0.0943
CN,人工智能,教育,84,3546,117,0.0528
CN,人工智能,部署,83,3546,186,-0.0577
CN,人工智能,原则,82,3546,120,0.041
CN,人工智能,有效,82,3546,180,-0.0527
CN,人工智能,学习,81,3546,121,0.0362
CN,人工智能,采取,81,3546,270,-0.1489
CN,人工智能,监测,80,3546,98,0.0817
CN,人工智能,积极,80,3546,105,0.0658
CN,人工智能,功能,80,3546,165,-0.0381
CN,人工智能,指引,79,3546,97,0.0809
CN,人工智能,活动,79,3546,159,-0.0324
CN,人工智能,生成合成,79,3546,418,-0.2539
CN,人工智能,供应链,78,3546,128,0.0144
CN,人工智能,持续,78,3546,165,-0.0437
CN,人工智能,要求,78,3546,168,-0.0478
CN,人工智能,交互,77,3546,229,-0.1212
CN,人工智能,威胁,75,3546,104,0.0524
CN,人工智能,基本准则,74,3546,75,0.123
CN,人工智能,控制,74,3546,125,0.0077
CN,人工智能,避免,73,3546,93,0.0712
CN,人工智能,判断,73,3546,165,-0.0579
CN,人工智能,泄露,72,3546,107,0.0364
CN,人工智能,明确,72,3546,208,-0.1128
CN,人工智能,测评,71,3546,105,0.0374
CN,人工智能,基于,71,3546,135,-0.0189
CN,人工智能,加剧,70,3546,112,0.0197
CN,人工智能,针对,70,3546,120,0.0043
CN,人工智能,世界,69,3546,75,0.1056
CN,人工智能,发挥,68,3546,90,0.0616
CN,人工智能,加速,68,3546,101,0.036
CN,人工智能,共同,68,3546,105,0.0274
CN,人工智能,及应,67,3546,75,0.0984
CN,人工智能,保障,67,3546,95,0.0462
CN,人工智能,保护,66,3546,163,-0.0761
CN,人工智能,测试,66,3546,170,-0.0854
CN,人工智能,结合,65,3546,135,-0.0379
CN,人工智能,缺陷,65,3546,207,-0.1317
CN,人工智能,开发,64,3546,130,-0.0329
CN,人工智能,准则,63,3546,66,0.1115
CN,人工智能,不同,63,3546,70,0.0987
CN,人工智能,辅助,63,3546,75,0.0837
CN,人工智能,科技,63,3546,111,-0.0018
CN,人工智能,处理,63,3546,143,-0.057
CN,人工智能,数据安全,63,3546,162,-0.0842
CN,人工智能,岗位,62,3546,63,0.1178
CN,人工智能,共治,62,3546,81,0.0632
CN,人工智能,制造,62,3546,90,0.0403
CN,人工智能,机构,62,3546,120,-0.0222
CN,人工智能,问题,62,3546,217,-0.1508
CN,人工智能,透明,61,3546,90,0.0366
CN,人工智能,逻辑,61,3546,105,0.0033
CN,人工智能,普惠,60,3546,75,0.0723
CN,人工智能,拓展,60,3546,75,0.0723
CN,人工智能,维护,60,3546,75,0.0723
CN,人工智能,依赖,60,3546,83,0.0504
CN,人工智能,存在,60,3546,144,-0.0684
CN,人工智能,最终,59,3546,68,0.0894
CN,人工智能,制度,59,3546,69,0.0863
CN,人工智能,潜在,59,3546,135,-0.0579
CN,人工智能,业态,58,3546,60,0.1122
CN,人工智能,反映,58,3546,60,0.1122
CN,人工智能,特点,58,3546,90,0.0254
CN,人工智能,安全意识,57,3546,60,0.1081
CN,人工智能,关系,57,3546,75,0.0605
CN,人工智能,说明,57,3546,85,0.0338
CN,人工智能,权限,57,3546,98,0.0035
CN,人工智能,复杂,57,3546,105,-0.0112
CN,人工智能,导致,57,3546,150,-0.0873
CN,人工智能,赋能,56,3546,60,0.104
CN,人工智能,新型,56,3546,60,0.104
CN,人工智能,演进,56,3546,60,0.104
CN,人工智能,有序,56,3546,60,0.104
CN,人工智能,消费,56,3546,71,0.0682
CN,人工智能,精准,56,3546,75,0.0565
CN,人工智能,参与,56,3546,75,0.0565
CN,人工智能,可靠,56,3546,90,0.0178
CN,人工智能,社区,56,3546,90,0.0178
CN,人工智能,实践,55,3546,75,0.0525
CN,人工智能,传统,55,3546,98,-0.0041
CN,人工智能,质量,55,3546,173,-0.1244
CN,人工智能,设置,54,3546,84,0.0245
CN,人工智能,应急,54,3546,98,-0.008
CN,人工智能,降低,54,3546,105,-0.0225
CN,人工智能,涉及,54,3546,110,-0.0323
CN,人工智能,准确,54,3546,120,-0.0507
CN,人工智能,发现,53,3546,86,0.0156
CN,人工智能,处置,53,3546,90,0.006
CN,人工智能,收集,53,3546,140,-0.0868
CN,人工智能,冲击,52,3546,60,0.0868
CN,人工智能,认识,52,3546,60,0.0868
CN,人工智能,调整,52,3546,81,0.0241
CN,人工智能,架构,51,3546,60,0.0824
CN,人工智能,运营,51,3546,60,0.0824
CN,人工智能,培养,51,3546,61,0.079
CN,人工智能,传播,51,3546,163,-0.1258
CN,人工智能,错误,51,3546,165,-0.1283
CN,人工智能,多元,50,3546,52,0.1077
CN,人工智能,机器,50,3546,60,0.078
CN,人工智能,周期,50,3546,75,0.0317
CN,人工智能,预期,50,3546,97,-0.0217
CN,人工智能,农业,49,3546,50,0.1112
CN,人工智能,全过程,49,3546,60,0.0735
CN,人工智能,社会秩序,49,3546,75,0.0274
CN,人工智能,环节,49,3546,105,-0.0421
CN,人工智能,公众,49,3546,120,-0.0697
CN,人工智能,进程,48,3546,56,0.0831
CN,人工智能,范式,47,3546,60,0.0643
CN,人工智能,链条,47,3546,60,0.0643
CN,人工智能,坚持,47,3546,75,0.0186
CN,人工智能,跟踪,47,3546,90,-0.0187
CN,人工智能,敏感,46,3546,85,-0.0114
CN,人工智能,结果,46,3546,172,-0.1551
CN,人工智能,向善,45,3546,45,0.1133
CN,人工智能,造福,45,3546,45,0.1133
CN,人工智能,脑机接,45,3546,45,0.1133
CN,人工智能,鸿沟,45,3546,45,0.1133
CN,人工智能,内部,45,3546,45,0.1133
CN,人工智能,深化,45,3546,60,0.0549
CN,人工智能,覆盖,45,3546,60,0.0549
CN,人工智能,各国,45,3546,60,0.0549
CN,人工智能,标准规范,45,3546,60,0.0549
CN,人工智能,性能,45,3546,75,0.0096
CN,人工智能,遵循,45,3546,90,-0.0274
CN,人工智能,及时,45,3546,90,-0.0274
CN,人工智能,更好,44,3546,45,0.1083
CN,人工智能,培训,44,3546,45,0.1083
CN,人工智能,成果,44,3546,60,0.0501
CN,人工智能,透明度,44,3546,90,-0.0318
CN,人工智能,特定,44,3546,103,-0.0591
CN,人工智能,驾驶,43,3546,45,0.1032
CN,人工智能,联合国,43,3546,49,0.086
CN,人工智能,升级,43,3546,60,0.0453
CN,人工智能,现实,43,3546,60,0.0453
CN,人工智能,符合,43,3546,113,-0.0821
CN,人工智能,数字,42,3546,45,0.098
CN,人工智能,政策,42,3546,45,0.098
CN,人工智能,不断,42,3546,60,0.0404
CN,人工智能,科研,42,3546,73,0.0011
CN,人工智能,安全性,42,3546,86,-0.0317
CN,人工智能,隐私,42,3546,90,-0.0408
CN,人工智能,稳定,42,3546,135,-0.122
CN,人工智能,就业,41,3546,41,0.1112
CN,人工智能,如下,41,3546,45,0.0927
CN,人工智能,条件,41,3546,45,0.0927
CN,人工智能,业务流程,41,3546,45,0.0927
CN,人工智能,形态,41,3546,45,0.0927
CN,人工智能,系统安全,41,3546,45,0.0927
CN,人工智能,情况,41,3546,45,0.0927
CN,人工智能,综合治理,41,3546,60,0.0354
CN,人工智能,是否,41,3546,75,-0.0091
CN,人工智能,推理,41,3546,90,-0.0454
CN,人工智能,化导,41,3546,90,-0.0454
CN,人工智能,互联网,41,3546,108,-0.0818
CN,人工智能,定期,41,3546,120,-0.1028
CN,人工智能,局限性,40,3546,45,0.0873
CN,人工智能,指导,40,3546,60,0.0303
CN,人工智能,落实,40,3546,60,0.0303
CN,人工智能,策略,40,3546,75,-0.014
CN,人工智能,科学,40,3546,78,-0.0217
CN,人工智能,其他,40,3546,90,-0.0501
CN,人工智能,合法权益,40,3546,90,-0.0501
CN,人工智能,协议,40,3546,105,-0.0807
CN,人工智能,违规,39,3546,45,0.0819
CN,人工智能,可追溯,39,3546,45,0.0819
CN,人工智能,数据处理,39,3546,60,0.0251
CN,人工智能,解释性,39,3546,60,0.0251
CN,人工智能,政务,38,3546,40,0.0995
CN,人工智能,互联,38,3546,45,0.0764
CN,人工智能,合同,38,3546,45,0.0764
CN,人工智能,公共安全,38,3546,54,0.0406
CN,人工智能,引导,38,3546,60,0.0199
CN,人工智能,应用,38,3546,60,0.0199
CN,人工智能,具体,38,3546,63,0.0103
CN,人工智能,动态,38,3546,75,-0.0239
CN,人工智能,价值观,38,3546,119,-0.1145
CN,人工智能,时代,37,3546,45,0.0708
CN,人工智能,效率,37,3546,45,0.0708
CN,人工智能,技术标准,37,3546,45,0.0708
CN,人工智能,我国,37,3546,52,0.0426
CN,人工智能,快速,37,3546,65,-0.001
CN,人工智能,突破,37,3546,90,-0.0646
CN,人工智能,创造,36,3546,36,0.1084
CN,人工智能,为本,36,3546,45,0.0651
CN,人工智能,国际交流,36,3546,45,0.0651
CN,人工智能,服务业,36,3546,47,0.0566
CN,人工智能,法律,36,3546,75,-0.0341
CN,人工智能,落地,36,3546,81,-0.0491
CN,人工智能,下降,36,3546,90,-0.0695
CN,人工智能,作为,35,3546,45,0.0593
CN,人工智能,涵盖,35,3546,45,0.0593
CN,人工智能,做好,35,3546,45,0.0593
CN,人工智能,---,35,3546,50,0.0389
CN,人工智能,供给,35,3546,60,0.0037
CN,人工智能,关注,35,3546,75,-0.0394
CN,人工智能,必要,35,3546,89,-0.0725
CN,人工智能,造成,35,3546,90,-0.0746
CN,人工智能,跨学科,34,3546,45,0.0534
CN,人工智能,具等,34,3546,45,0.0534
CN,人工智能,物理,34,3546,45,0.0534
CN,人工智能,类型,34,3546,45,0.0534
CN,人工智能,披露,34,3546,45,0.0534
CN,人工智能,丰富,34,3546,60,-0.0019
CN,人工智能,充分发挥,34,3546,60,-0.0019
CN,人工智能,协调,34,3546,60,-0.0019
CN,人工智能,访问,34,3546,82,-0.0619
CN,人工智能,主渠道,33,3546,45,0.0474
CN,人工智能,险进,33,3546,45,0.0474
CN,人工智能,基本,33,3546,60,-0.0076
CN,人工智能,合规,33,3546,60,-0.0076
CN,人工智能,价值,33,3546,60,-0.0076
CN,人工智能,针对性,33,3546,60,-0.0076
CN,人工智能,创作,32,3546,36,0.0836
CN,人工智能,pdf,32,3546,37,0.0784
CN,人工智能,多边,32,3546,45,0.0413
CN,人工智能,告知,32,3546,54,0.0066
CN,人工智能,响应,32,3546,60,-0.0134
CN,人工智能,监督,32,3546,60,-0.0134
CN,人工智能,参数,32,3546,60,-0.0134
CN,人工智能,空间,32,3546,75,-0.0557
CN,人工智能,理解,32,3546,88,-0.0861
CN,人工智能,激励,31,3546,45,0.035
CN,人工智能,审慎,31,3546,45,0.035
CN,人工智能,主管,31,3546,45,0.035
CN,人工智能,安全事件,31,3546,49,0.019
CN,人工智能,特别,31,3546,58,-0.0129
CN,人工智能,梳理,31,3546,60,-0.0193
CN,人工智能,鲁棒性,31,3546,75,-0.0614
CN,人工智能,检测,31,3546,95,-0.106
CN,人工智能,漏洞,31,3546,101,-0.1176
CN,人工智能,歧视,31,3546,112,-0.1371
CN,人工智能,现代化,30,3546,30,0.1047
CN,人工智能,体等应,30,3546,30,0.1047
CN,人工智能,普及率,30,3546,30,0.1047
CN,人工智能,公共,30,3546,30,0.1047
CN,人工智能,成为,30,3546,30,0.1047
CN,人工智能,联动,30,3546,30,0.1047
CN,人工智能,技能,30,3546,30,0.1047
CN,人工智能,装备,30,3546,30,0.1047
CN,人工智能,供需,30,3546,30,0.1047
CN,人工智能,匹配,30,3546,30,0.1047
CN,人工智能,陪伴,30,3546,30,0.1047
CN,人工智能,医疗,30,3546,30,0.1047
CN,人工智能,繁荣,30,3546,30,0.1047
CN,人工智能,可信赖,30,3546,30,0.1047
CN,人工智能,倡议,30,3546,30,0.1047
CN,人工智能,增进,30,3546,30,0.1047
CN,人工智能,化解,30,3546,30,0.1047
CN,人工智能,国家主权,30,3546,30,0.1047
CN,人工智能,特性,30,3546,30,0.1047
CN,人工智能,衍生,30,3546,30,0.1047
CN,人工智能,透明性,30,3546,30,0.1047
CN,人工智能,国家标准,30,3546,45,0.0287
CN,人工智能,预警,30,3546,49,0.0127
CN,人工智能,具备,30,3546,51,0.0052
CN,人工智能,法律法规,30,3546,60,-0.0253
CN,人工智能,对象,30,3546,60,-0.0253
CN,人工智能,安全漏洞,30,3546,60,-0.0253
CN,人工智能,审计,30,3546,90,-0.1014
CN,人工智能,适应,29,3546,30,0.0977
CN,人工智能,中试,29,3546,30,0.0977
CN,人工智能,泛应,29,3546,30,0.0977
CN,人工智能,迅速,29,3546,30,0.0977
CN,人工智能,综合,29,3546,30,0.0977
CN,人工智能,定级,29,3546,30,0.0977
CN,人工智能,标准,29,3546,33,0.08
CN,人工智能,工业,29,3546,34,0.0744
CN,人工智能,迭代,29,3546,45,0.0222
CN,人工智能,重构,29,3546,45,0.0222
CN,人工智能,社会公众,29,3546,45,0.0222
CN,人工智能,灾难性,29,3546,45,0.0222
CN,人工智能,禁忌,29,3546,45,0.0222
CN,人工智能,解释,29,3546,45,0.0222
CN,人工智能,了解,29,3546,45,0.0222
CN,人工智能,变化,29,3546,52,-0.0048
CN,人工智能,布局,29,3546,60,-0.0315
CN,人工智能,有限,29,3546,60,-0.0315
CN,人工智能,异常,29,3546,60,-0.0315
CN,人工智能,农机,28,3546,28,0.1034
CN,人工智能,深层次,28,3546,30,0.0906
CN,人工智能,共建,28,3546,30,0.0906
CN,人工智能,队伍,28,3546,30,0.0906
CN,人工智能,生成式,28,3546,30,0.0906
CN,人工智能,程度,28,3546,30,0.0906
CN,人工智能,包容,28,3546,39,0.042
CN,人工智能,新形态,28,3546,45,0.0155
CN,人工智能,形式,28,3546,45,0.0155
CN,人工智能,备案,28,3546,45,0.0155
CN,人工智能,公平,28,3546,45,0.0155
CN,人工智能,意识,28,3546,75,-0.0791
CN,人工智能,服务体系,27,3546,30,0.0833
CN,人工智能,全民,27,3546,30,0.0833
CN,人工智能,城市,27,3546,30,0.0833
CN,人工智能,暂行办法,27,3546,30,0.0833
CN,人工智能,组件,27,3546,30,0.0833
CN,人工智能,帮助,27,3546,45,0.0087
CN,人工智能,交通,27,3546,45,0.0087
CN,人工智能,同步,27,3546,45,0.0087
CN,人工智能,释放,27,3546,45,0.0087
CN,人工智能,改进,27,3546,45,0.0087
CN,人工智能,极端,27,3546,45,0.0087
CN,人工智能,扩散,27,3546,90,-0.1188
CN,人工智能,经济社会,26,3546,30,0.0758
CN,人工智能,转型,26,3546,30,0.0758
CN,人工智能,投资,26,3546,30,0.0758
CN,人工智能,格局,26,3546,30,0.0758
CN,人工智能,脱离,26,3546,30,0.0758
CN,人工智能,超出,26,3546,30,0.0758
CN,人工智能,防范措施,26,3546,30,0.0758
CN,人工智能,注意事项,26,3546,30,0.0758
CN,人工智能,任务,26,3546,45,0.0018
CN,人工智能,构造,26,3546,45,0.0018
CN,人工智能,责任,26,3546,87,-0.1187
CN,人工智能,违法,26,3546,109,-0.1599
CN,人工智能,显著,26,3546,166,-0.2367
CN,人工智能,前沿,25,3546,25,0.1013
CN,人工智能,改造,25,3546,30,0.0682
CN,人工智能,开辟,25,3546,30,0.0682
CN,人工智能,统筹,25,3546,30,0.0682
CN,人工智能,汇聚,25,3546,30,0.0682
CN,人工智能,改变,25,3546,30,0.0682
CN,人工智能,对话,25,3546,30,0.0682
CN,人工智能,管理机制,25,3546,30,0.0682
CN,人工智能,管理制度,25,3546,45,-0.0054
CN,人工智能,国内,25,3546,45,-0.0054
CN,人工智能,隐患,25,3546,45,-0.0054
CN,人工智能,路径,25,3546,45,-0.0054
CN,人工智能,选择,25,3546,45,-0.0054
CN,人工智能,能源,25,3546,60,-0.0575
CN,人工智能,验证,25,3546,73,-0.0931
CN,人工智能,呈现,25,3546,75,-0.098
CN,人工智能,显式,25,3546,137,-0.2073
CN,人工智能,财政,24,3546,28,0.0728
CN,人工智能,转化,24,3546,30,0.0603
CN,人工智能,各类,24,3546,30,0.0603
CN,人工智能,沉迷,24,3546,30,0.0603
CN,人工智能,获得,24,3546,30,0.0603
CN,人工智能,全国,24,3546,45,-0.0127
CN,人工智能,业应,24,3546,45,-0.0127
CN,人工智能,清晰,24,3546,45,-0.0127
CN,人工智能,违法犯罪,24,3546,47,-0.0205
CN,人工智能,跃迁,23,3546,30,0.0523
CN,人工智能,效能,23,3546,30,0.0523
CN,人工智能,未来,23,3546,30,0.0523
CN,人工智能,托育,23,3546,30,0.0523
CN,人工智能,导向,23,3546,30,0.0523
CN,人工智能,敏捷,23,3546,30,0.0523
CN,人工智能,加固,23,3546,30,0.0523
CN,人工智能,涉他,23,3546,30,0.0523
CN,人工智能,决策依据,23,3546,30,0.0523
CN,人工智能,反馈,23,3546,33,0.0352
CN,人工智能,劳动,23,3546,37,0.0148
CN,人工智能,武器,23,3546,75,-0.1115
CN,人工智能,来源,23,3546,119,-0.1939
CN,人工智能,国务院,22,3546,30,0.044
CN,人工智能,作恶,22,3546,30,0.044
CN,人工智能,劳动就业,22,3546,30,0.044
CN,人工智能,重要性,22,3546,30,0.044
CN,人工智能,预防,22,3546,30,0.044
CN,人工智能,cn,22,3546,33,0.0271
CN,人工智能,个别,22,3546,45,-0.0279
CN,人工智能,尊重,22,3546,53,-0.0569
CN,人工智能,限制,22,3546,71,-0.1087
CN,人工智能,视频,22,3546,72,-0.1112
CN,人工智能,规则,22,3546,105,-0.1781
CN,人工智能,教学,21,3546,25,0.0675
CN,人工智能,品质,21,3546,30,0.0354
CN,人工智能,情感,21,3546,30,0.0354
CN,人工智能,围绕,21,3546,30,0.0354
CN,人工智能,未经,21,3546,30,0.0354
CN,人工智能,突出,21,3546,30,0.0354
CN,人工智能,和平,21,3546,30,0.0354
CN,人工智能,社会制度,21,3546,30,0.0354
CN,人工智能,智能科学,21,3546,30,0.0354
CN,人工智能,应用程序,21,3546,38,-0.0061
CN,人工智能,难以,21,3546,39,-0.0107
CN,人工智能,不当,21,3546,52,-0.0613
CN,人工智能,记录,21,3546,52,-0.0613
CN,人工智能,主动,21,3546,60,-0.0864
CN,人工智能,获取,21,3546,60,-0.0864
CN,人工智能,设施,21,3546,60,-0.0864
CN,人工智能,隐式,21,3546,152,-0.2499
CN,人工智能,单位,20,3546,20,0.0973
CN,人工智能,社会主义,20,3546,30,0.0266
CN,人工智能,地区,20,3546,30,0.0266
CN,人工智能,供需平衡,20,3546,30,0.0266
CN,人工智能,资本,20,3546,33,0.01
CN,人工智能,关键环节,20,3546,45,-0.0441
CN,人工智能,有害信息,20,3546,59,-0.0913
CN,人工智能,依法,20,3546,60,-0.0942
CN,人工智能,虚假,20,3546,60,-0.0942
CN,人工智能,样本,20,3546,60,-0.0942
CN,人工智能,管控,20,3546,72,-0.126
CN,人工智能,涌现,19,3546,30,0.0175
CN,人工智能,社会科学,19,3546,30,0.0175
CN,人工智能,更加,19,3546,30,0.0175
CN,人工智能,教师,19,3546,30,0.0175
CN,人工智能,交流,19,3546,30,0.0175
CN,人工智能,标准化,19,3546,30,0.0175
CN,人工智能,领军,19,3546,30,0.0175
CN,人工智能,主权,19,3546,30,0.0175
CN,人工智能,差异化,19,3546,30,0.0175
CN,人工智能,document,19,3546,32,0.0064
CN,人工智能,认证,19,3546,48,-0.0637
CN,人工智能,维度,19,3546,60,-0.1022
CN,人工智能,知识产权,19,3546,69,-0.1264
CN,人工智能,属性,19,3546,106,-0.2006
CN,人工智能,标注,19,3546,132,-0.2385
CN,人工智能,哲学,18,3546,30,0.0081
CN,人工智能,传授,18,3546,30,0.0081
CN,人工智能,相衔接,18,3546,30,0.0081
CN,人工智能,监督机制,18,3546,30,0.0081
CN,人工智能,诱导,18,3546,45,-0.0613
CN,人工智能,溯源,18,3546,45,-0.0613
CN,人工智能,容错,18,3546,60,-0.1105
CN,人工智能,完整,17,3546,30,-0.0017
CN,人工智能,转变,17,3546,30,-0.0017
CN,人工智能,研判,17,3546,30,-0.0017
CN,人工智能,各种,17,3546,30,-0.0017
CN,人工智能,语料,17,3546,30,-0.0017
CN,人工智能,定制,17,3546,30,-0.0017
CN,人工智能,安全控制,17,3546,30,-0.0017
CN,人工智能,专业,17,3546,45,-0.0704
CN,人工智能,实际,17,3546,45,-0.0704
CN,人工智能,边界,17,3546,45,-0.0704
CN,人工智能,公开,17,3546,45,-0.0704
CN,人工智能,误导,17,3546,60,-0.1192
CN,人工智能,制作,17,3546,60,-0.1192
CN,人工智能,指南,17,3546,60,-0.1192
CN,人工智能,对抗,17,3546,71,-0.1477
CN,人工智能,配置,17,3546,72,-0.1501
CN,人工智能,实时,16,3546,30,-0.0118
CN,人工智能,智慧,16,3546,30,-0.0118
CN,人工智能,基础理论,16,3546,30,-0.0118
CN,人工智能,更新,16,3546,30,-0.0118
CN,人工智能,阈值,16,3546,30,-0.0118
CN,人工智能,偏离,16,3546,30,-0.0118
CN,人工智能,结构,16,3546,39,-0.0558
CN,人工智能,予以,16,3546,45,-0.0798
CN,人工智能,护栏,16,3546,45,-0.0798
CN,人工智能,流程,16,3546,75,-0.1656
CN,人工智能,各部委,15,3546,15,0.0927
CN,人工智能,直属机构,15,3546,15,0.0927
CN,人工智能,批新,15,3546,15,0.0927
CN,人工智能,新质,15,3546,15,0.0927
CN,人工智能,全体,15,3546,15,0.0927
CN,人工智能,中国式,15,3546,15,0.0927
CN,人工智能,率先,15,3546,15,0.0927
CN,人工智能,70%,15,3546,15,0.0927
CN,人工智能,快速增长,15,3546,15,0.0927
CN,人工智能,明显增强,15,3546,15,0.0927
CN,人工智能,不断完善,15,3546,15,0.0927
CN,人工智能,90%,15,3546,15,0.0927
CN,人工智能,增长极,15,3546,15,0.0927
CN,人工智能,阶段,15,3546,15,0.0927
CN,人工智能,科学技术,15,3546,15,0.0927
CN,人工智能,牵引带,15,3546,15,0.0927
CN,人工智能,动作,15,3546,15,0.0927
CN,人工智能,学科,15,3546,15,0.0927
CN,人工智能,视野,15,3546,15,0.0927
CN,人工智能,观察,15,3546,15,0.0927
CN,人工智能,视域,15,3546,15,0.0927
CN,人工智能,机理,15,3546,15,0.0927
CN,人工智能,理论体系,15,3546,15,0.0927
CN,人工智能,励有,15,3546,15,0.0927
CN,人工智能,底层,15,3546,15,0.0927
CN,人工智能,全新,15,3546,15,0.0927
CN,人工智能,商业模式,15,3546,15,0.0927
CN,人工智能,全员,15,3546,15,0.0927
CN,人工智能,素养,15,3546,15,0.0927
CN,人工智能,更多,15,3546,15,0.0927
CN,人工智能,可复,15,3546,15,0.0927
CN,人工智能,专家,15,3546,15,0.0927
CN,人工智能,数智化,15,3546,15,0.0927
CN,人工智能,育种,15,3546,15,0.0927
CN,人工智能,种植,15,3546,15,0.0927
CN,人工智能,养殖,15,3546,15,0.0927
CN,人工智能,农业机器,15,3546,15,0.0927
CN,人工智能,产和加,15,3546,15,0.0927
CN,人工智能,作业,15,3546,15,0.0927
CN,人工智能,农具,15,3546,15,0.0927
CN,人工智能,体等,15,3546,15,0.0927
CN,人工智能,提质,15,3546,15,0.0927
CN,人工智能,提效型,15,3546,15,0.0927
CN,人工智能,助理,15,3546,15,0.0927
CN,人工智能,万物,15,3546,15,0.0927
CN,人工智能,智联,15,3546,15,0.0927
CN,人工智能,汽车,15,3546,15,0.0927
CN,人工智能,机和,15,3546,15,0.0927
CN,人工智能,电脑,15,3546,15,0.0927
CN,人工智能,智能家居,15,3546,15,0.0927
CN,人工智能,穿戴,15,3546,15,0.0927
CN,人工智能,体化全,15,3546,15,0.0927
CN,人工智能,宇宙,15,3546,15,0.0927
CN,人工智能,低空,15,3546,15,0.0927
CN,人工智能,增材,15,3546,15,0.0927
CN,人工智能,福祉,15,3546,15,0.0927
CN,人工智能,管理模式,15,3546,15,0.0927
CN,人工智能,代理,15,3546,15,0.0927
CN,人工智能,创新型,15,3546,15,0.0927
CN,人工智能,紧缺,15,3546,15,0.0927
CN,人工智能,危等,15,3546,15,0.0927
CN,人工智能,激发,15,3546,15,0.0927
CN,人工智能,创业,15,3546,15,0.0927
CN,人工智能,风险评估,15,3546,15,0.0927
CN,人工智能,倾斜,15,3546,15,0.0927
CN,人工智能,减少,15,3546,15,0.0927
CN,人工智能,更富,15,3546,15,0.0927
CN,人工智能,成效,15,3546,15,0.0927
CN,人工智能,学伴,15,3546,15,0.0927
CN,人工智能,美好,15,3546,15,0.0927
CN,人工智能,可享,15,3546,15,0.0927
CN,人工智能,居民,15,3546,15,0.0927
CN,人工智能,诊疗,15,3546,15,0.0927
CN,人工智能,医保,15,3546,15,0.0927
CN,人工智能,幅提,15,3546,15,0.0927
CN,人工智能,基层,15,3546,15,0.0927
CN,人工智能,展现,15,3546,15,0.0927
CN,人工智能,中华,15,3546,15,0.0927
CN,人工智能,化元素,15,3546,15,0.0927
CN,人工智能,对织密,15,3546,15,0.0927
CN,人工智能,精神,15,3546,15,0.0927
CN,人工智能,慰藉,15,3546,15,0.0927
CN,人工智能,助残,15,3546,15,0.0927
CN,人工智能,好房,15,3546,15,0.0927
CN,人工智能,温度,15,3546,15,0.0927
CN,人工智能,开创,15,3546,15,0.0927
CN,人工智能,机共,15,3546,15,0.0927
CN,人工智能,图景,15,3546,15,0.0927
CN,人工智能,市政,15,3546,15,0.0927
CN,人工智能,城市规划,15,3546,15,0.0927
CN,人工智能,乡村,15,3546,15,0.0927
CN,人工智能,延伸,15,3546,15,0.0927
CN,人工智能,城乡,15,3546,15,0.0927
CN,人工智能,实验,15,3546,15,0.0927
CN,人工智能,稳妥,15,3546,15,0.0927
CN,人工智能,全程,15,3546,15,0.0927
CN,人工智能,办理,15,3546,15,0.0927
CN,人工智能,公共资源,15,3546,15,0.0927
CN,人工智能,招标,15,3546,15,0.0927
CN,人工智能,投标,15,3546,15,0.0927
CN,人工智能,交易,15,3546,15,0.0927
CN,人工智能,新格局,15,3546,15,0.0927
CN,人工智能,塑造,15,3546,15,0.0927
CN,人工智能,预测,15,3546,15,0.0927
CN,人工智能,模拟,15,3546,15,0.0927
CN,人工智能,推演,15,3546,15,0.0927
CN,人工智能,平权,15,3546,15,0.0927
CN,人工智能,互信,15,3546,15,0.0927
CN,人工智能,可及,15,3546,15,0.0927
CN,人工智能,平等,15,3546,15,0.0927
CN,人工智能,弥合,15,3546,15,0.0927
CN,人工智能,撑能,15,3546,15,0.0927
CN,人工智能,适配,15,3546,15,0.0927
CN,人工智能,互联互通,15,3546,15,0.0927
CN,人工智能,普惠易,15,3546,15,0.0927
CN,人工智能,服务商,15,3546,15,0.0927
CN,人工智能,体即,15,3546,15,0.0927
CN,人工智能,研制,15,3546,15,0.0927
CN,人工智能,国际化,15,3546,15,0.0927
CN,人工智能,集等,15,3546,15,0.0927
CN,人工智能,优质,15,3546,15,0.0927
CN,人工智能,股权,15,3546,15,0.0927
CN,人工智能,期权,15,3546,15,0.0927
CN,人工智能,中长期,15,3546,15,0.0927
CN,人工智能,引才,15,3546,15,0.0927
CN,人工智能,留才,15,3546,15,0.0927
CN,人工智能,政策法规,15,3546,15,0.0927
CN,人工智能,国有资本,15,3546,15,0.0927
CN,人工智能,考核,15,3546,15,0.0927
CN,人工智能,党的领导,15,3546,15,0.0927
CN,人工智能,第一条,15,3546,15,0.0927
CN,人工智能,以下,15,3546,15,0.0927
CN,人工智能,简称,15,3546,15,0.0927
CN,人工智能,适用,15,3546,15,0.0927
CN,人工智能,第三条,15,3546,15,0.0927
CN,人工智能,利用,15,3546,15,0.0927
CN,人工智能,生成,15,3546,15,0.0927
CN,人工智能,深刻,15,3546,15,0.0927
CN,人工智能,前所未有,15,3546,15,0.0927
CN,人工智能,机遇,15,3546,15,0.0927
CN,人工智能,未遇,15,3546,15,0.0927
CN,人工智能,达成,15,3546,15,0.0927
CN,人工智能,以来,15,3546,15,0.0927
CN,人工智能,渗透,15,3546,15,0.0927
CN,人工智能,普及,15,3546,15,0.0927
CN,人工智能,问答,15,3546,15,0.0927
CN,人工智能,正在,15,3546,15,0.0927
CN,人工智能,打通,15,3546,15,0.0927
CN,人工智能,连接,15,3546,15,0.0927
CN,人工智能,最后,15,3546,15,0.0927
CN,人工智能,不再,15,3546,15,0.0927
CN,人工智能,遥不可及,15,3546,15,0.0927
CN,人工智能,与此同时,15,3546,15,0.0927
CN,人工智能,表现形式,15,3546,15,0.0927
CN,人工智能,险新,15,3546,15,0.0927
CN,人工智能,秉持,15,3546,15,0.0927
CN,人工智能,安全观,15,3546,15,0.0927
CN,人工智能,并重,15,3546,15,0.0927
CN,人工智能,要务,15,3546,15,0.0927
CN,人工智能,切实,15,3546,15,0.0927
CN,人工智能,利益,15,3546,15,0.0927
CN,人工智能,确保安全,15,3546,15,0.0927
CN,人工智能,多层,15,3546,15,0.0927
CN,人工智能,严防,15,3546,15,0.0927
CN,人工智能,始终,15,3546,15,0.0927
CN,人工智能,处于,15,3546,15,0.0927
CN,人工智能,之下,15,3546,15,0.0927
CN,人工智能,构成,15,3546,15,0.0927
CN,人工智能,需调,15,3546,15,0.0927
CN,人工智能,动执,15,3546,15,0.0927
CN,人工智能,具断,15,3546,15,0.0927
CN,人工智能,抑制,15,3546,15,0.0927
CN,人工智能,艺术,15,3546,15,0.0927
CN,人工智能,作者,15,3546,15,0.0927
CN,人工智能,其产,15,3546,15,0.0927
CN,人工智能,正确,15,3546,15,0.0927
CN,人工智能,原理,15,3546,15,0.0927
CN,人工智能,聚合,15,3546,15,0.0927
CN,人工智能,多个,15,3546,15,0.0927
CN,人工智能,控制策略,15,3546,15,0.0927
CN,人工智能,承载,15,3546,15,0.0927
CN,人工智能,裁减,15,3546,15,0.0927
CN,人工智能,机等,15,3546,15,0.0927
CN,人工智能,遮挡,15,3546,15,0.0927
CN,人工智能,电磁,15,3546,15,0.0927
CN,人工智能,其滥,15,3546,15,0.0927
CN,人工智能,分级分类,15,3546,15,0.0927
CN,人工智能,登记,15,3546,15,0.0927
CN,人工智能,相匹配,15,3546,15,0.0927
CN,人工智能,众测,15,3546,15,0.0927
CN,人工智能,汇集,15,3546,15,0.0927
CN,人工智能,信息库,15,3546,15,0.0927
CN,人工智能,跨域,15,3546,15,0.0927
CN,人工智能,对核,15,3546,15,0.0927
CN,人工智能,多维度,15,3546,15,0.0927
CN,人工智能,课程体系,15,3546,15,0.0927
CN,人工智能,基础教育,15,3546,15,0.0927
CN,人工智能,顶尖,15,3546,15,0.0927
CN,人工智能,类脑,15,3546,15,0.0927
CN,人工智能,事业单位,15,3546,15,0.0927
CN,人工智能,课程,15,3546,15,0.0927
CN,人工智能,科普活动,15,3546,15,0.0927
CN,人工智能,险及,15,3546,15,0.0927
CN,人工智能,局限,15,3546,15,0.0927
CN,人工智能,业协会,15,3546,15,0.0927
CN,人工智能,范作,15,3546,15,0.0927
CN,人工智能,组和,15,3546,15,0.0927
CN,人工智能,apec,15,3546,15,0.0927
CN,人工智能,g20,15,3546,15,0.0927
CN,人工智能,上合,15,3546,15,0.0927
CN,人工智能,发展中国家,15,3546,15,0.0927
CN,人工智能,代表性,15,3546,15,0.0927
CN,人工智能,解决,15,3546,15,0.0927
CN,人工智能,明确责任,15,3546,15,0.0927
CN,人工智能,复核,15,3546,15,0.0927
CN,人工智能,授权,15,3546,15,0.0927
CN,人工智能,下运,15,3546,15,0.0927
CN,人工智能,严格管理,15,3546,15,0.0927
CN,人工智能,时使,15,3546,15,0.0927
CN,人工智能,加密技术,15,3546,15,0.0927
CN,人工智能,保护措施,15,3546,15,0.0927
CN,人工智能,应向,15,3546,15,0.0927
CN,人工智能,功能设计,15,3546,15,0.0927
CN,人工智能,充分考虑,15,3546,15,0.0927
CN,人工智能,信誉,15,3546,15,0.0927
CN,人工智能,良好,15,3546,15,0.0927
CN,人工智能,注意,15,3546,15,0.0927
CN,人工智能,能能,15,3546,15,0.0927
CN,人工智能,应应,15,3546,15,0.0927
CN,人工智能,用用,15,3546,15,0.0927
CN,人工智能,衍衍,15,3546,15,0.0927
CN,人工智能,生生安,15,3546,15,0.0927
CN,人工智能,安安全全,15,3546,15,0.0927
CN,人工智能,风风,15,3546,15,0.0927
CN,人工智能,险险,15,3546,15,0.0927
CN,人工智能,诸多,15,3546,15,0.0927
CN,人工智能,覆盖范围,15,3546,15,0.0927
CN,人工智能,或应,15,3546,15,0.0927
CN,人工智能,相对,15,3546,15,0.0927
CN,人工智能,数量,15,3546,15,0.0927
CN,人工智能,达到,15,3546,15,0.0927
CN,人工智能,参照,15,3546,15,0.0927
CN,人工智能,实施细则,15,3546,15,0.0927
CN,人工智能,于本,15,3546,15,0.0927
CN,人工智能,实例,15,3546,15,0.0927
CN,人工智能,权重,15,3546,15,0.0927
CN,人工智能,确定,15,3546,15,0.0927
CN,人工智能,不会,15,3546,15,0.0927
CN,人工智能,正义,15,3546,15,0.0927
CN,人工智能,全护,15,3546,15,0.0927
CN,人工智能,术语,15,3546,15,0.0927
CN,人工智能,提到,15,3546,15,0.0927
CN,人工智能,专业术语,15,3546,15,0.0927
CN,人工智能,道德规范,15,3546,15,0.0927
CN,人工智能,数据分析,15,3546,15,0.0927
CN,人工智能,设计者,15,3546,15,0.0927
CN,人工智能,相符,15,3546,15,0.0927
CN,人工智能,标的,15,3546,15,0.0927
CN,人工智能,平下,15,3546,28,-0.0109
CN,人工智能,扩展,15,3546,30,-0.0224
CN,人工智能,贯彻,15,3546,30,-0.0224
CN,人工智能,文本,15,3546,30,-0.0224
CN,人工智能,图片,15,3546,30,-0.0224
CN,人工智能,业务,15,3546,30,-0.0224
CN,人工智能,理念,15,3546,30,-0.0224
CN,人工智能,极端主义,15,3546,30,-0.0224
CN,人工智能,喜好,15,3546,30,-0.0224
CN,人工智能,群体,15,3546,30,-0.0224
CN,人工智能,对输,15,3546,30,-0.0224
CN,人工智能,互动,15,3546,30,-0.0224
CN,人工智能,宣传,15,3546,30,-0.0224
CN,人工智能,引领,15,3546,30,-0.0224
CN,人工智能,计划,15,3546,30,-0.0224
CN,人工智能,积极参与,15,3546,30,-0.0224
CN,人工智能,技术创新,15,3546,30,-0.0224
CN,人工智能,敏感数据,15,3546,30,-0.0224
CN,人工智能,仔细阅读,15,3546,30,-0.0224
CN,人工智能,因素,15,3546,30,-0.0224
CN,人工智能,区域性,15,3546,30,-0.0224
CN,人工智能,选取,15,3546,30,-0.0224
CN,人工智能,细则,15,3546,30,-0.0224
CN,人工智能,级别,15,3546,30,-0.0224
CN,人工智能,音频,15,3546,39,-0.0659
CN,人工智能,虚拟,15,3546,40,-0.0702
CN,人工智能,情形,15,3546,45,-0.0897
CN,人工智能,电信,15,3546,45,-0.0897
CN,人工智能,严格,15,3546,45,-0.0897
CN,人工智能,网络,15,3546,60,-0.1375
CN,人工智能,合理,15,3546,75,-0.1745
CN,人工智能,添加,15,3546,311,-0.4106
CN,人工智能,分享,14,3546,15,0.0803
CN,人工智能,战略规划,14,3546,15,0.0803
CN,人工智能,商贸,14,3546,15,0.0803
CN,人工智能,攻坚,14,3546,15,0.0803
CN,人工智能,全学段,14,3546,15,0.0803
CN,人工智能,职业,14,3546,15,0.0803
CN,人工智能,多元化,14,3546,15,0.0803
CN,人工智能,给予,14,3546,15,0.0803
CN,人工智能,青年,14,3546,15,0.0803
CN,人工智能,施展,14,3546,15,0.0803
CN,人工智能,积极探索,14,3546,15,0.0803
CN,人工智能,融和,14,3546,15,0.0803
CN,人工智能,前言,14,3546,15,0.0803
CN,人工智能,产业链,14,3546,15,0.0803
CN,人工智能,深伪,14,3546,15,0.0803
CN,人工智能,涉恐,14,3546,15,0.0803
CN,人工智能,效应,14,3546,15,0.0803
CN,人工智能,宣扬,14,3546,15,0.0803
CN,人工智能,排除,14,3546,15,0.0803
CN,人工智能,出现,14,3546,15,0.0803
CN,人工智能,思想倾向,14,3546,15,0.0803
CN,人工智能,环境友好,14,3546,15,0.0803
CN,人工智能,审查,14,3546,15,0.0803
CN,人工智能,基准,14,3546,15,0.0803
CN,人工智能,普遍,14,3546,15,0.0803
CN,人工智能,融等,14,3546,15,0.0803
CN,人工智能,业务范围,14,3546,15,0.0803
CN,人工智能,做出,14,3546,15,0.0803
CN,人工智能,少年,14,3546,15,0.0803
CN,人工智能,工智智,14,3546,15,0.0803
CN,人工智能,业本,14,3546,15,0.0803
CN,人工智能,所在国,14,3546,15,0.0803
CN,人工智能,严格遵守,14,3546,15,0.0803
CN,人工智能,所在地,14,3546,15,0.0803
CN,人工智能,接受,14,3546,15,0.0803
CN,人工智能,借助,14,3546,15,0.0803
CN,人工智能,相结合,14,3546,30,-0.0335
CN,人工智能,易受,14,3546,30,-0.0335
CN,人工智能,故障,14,3546,30,-0.0335
CN,人工智能,不得,14,3546,46,-0.1036
CN,人工智能,安全评估,14,3546,60,-0.1472
CN,人工智能,直辖市,13,3546,13,0.0905
CN,人工智能,重塑,13,3546,15,0.0673
CN,人工智能,命性,13,3546,15,0.0673
CN,人工智能,跨界,13,3546,15,0.0673
CN,人工智能,共创,13,3546,15,0.0673
CN,人工智能,赛道,13,3546,15,0.0673
CN,人工智能,物流,13,3546,15,0.0673
CN,人工智能,动员,13,3546,15,0.0673
CN,人工智能,市场,13,3546,15,0.0673
CN,人工智能,基地,13,3546,15,0.0673
CN,人工智能,开放度,13,3546,15,0.0673
CN,人工智能,试错,13,3546,15,0.0673
CN,人工智能,采购,13,3546,15,0.0673
CN,人工智能,险为,13,3546,15,0.0673
CN,人工智能,密切,13,3546,15,0.0673
CN,人工智能,态链,13,3546,15,0.0673
CN,人工智能,复杂多变,13,3546,15,0.0673
CN,人工智能,事实,13,3546,15,0.0673
CN,人工智能,涉暴,13,3546,15,0.0673
CN,人工智能,茧房,13,3546,15,0.0673
CN,人工智能,恐怖主义,13,3546,15,0.0673
CN,人工智能,思维,13,3546,15,0.0673
CN,人工智能,突发,13,3546,15,0.0673
CN,人工智能,节约,13,3546,15,0.0673
CN,人工智能,低功耗,13,3546,15,0.0673
CN,人工智能,意外,13,3546,15,0.0673
CN,人工智能,评测,13,3546,15,0.0673
CN,人工智能,开发者,13,3546,15,0.0673
CN,人工智能,外界,13,3546,15,0.0673
CN,人工智能,容忍,13,3546,15,0.0673
CN,人工智能,以适,13,3546,15,0.0673
CN,人工智能,必要性,13,3546,15,0.0673
CN,人工智能,时间,13,3546,15,0.0673
CN,人工智能,监控,13,3546,15,0.0673
CN,人工智能,有重,13,3546,15,0.0673
CN,人工智能,特殊,13,3546,15,0.0673
CN,人工智能,设定,13,3546,15,0.0673
CN,人工智能,保护意识,13,3546,15,0.0673
CN,人工智能,不必要,13,3546,15,0.0673
CN,人工智能,下输,13,3546,15,0.0673
CN,人工智能,过度,13,3546,15,0.0673
CN,人工智能,映射,13,3546,15,0.0673
CN,人工智能,人人,13,3546,15,0.0673
CN,人工智能,机工,13,3546,15,0.0673
CN,人工智能,事件,13,3546,15,0.0673
CN,人工智能,记忆,13,3546,15,0.0673
CN,人工智能,贡献,13,3546,20,0.0207
CN,人工智能,算法推荐,13,3546,30,-0.0451
CN,人工智能,及其,13,3546,30,-0.0451
CN,人工智能,修补,13,3546,30,-0.0451
CN,人工智能,阻断,13,3546,30,-0.0451
CN,人工智能,此基础,13,3546,30,-0.0451
CN,人工智能,留存,13,3546,30,-0.0451
CN,人工智能,不少,13,3546,30,-0.0451
CN,人工智能,公平性,13,3546,30,-0.0451
CN,人工智能,分发,13,3546,45,-0.1108
CN,人工智能,主体,13,3546,45,-0.1108
CN,人工智能,建议,13,3546,45,-0.1108
CN,人工智能,多样性,13,3546,45,-0.1108
CN,人工智能,追溯,13,3546,45,-0.1108
CN,人工智能,准确性,13,3546,75,-0.1937
CN,人工智能,治区,12,3546,12,0.0894
CN,人工智能,第六代,12,3546,15,0.0536
CN,人工智能,农民,12,3546,15,0.0536
CN,人工智能,经营,12,3546,15,0.0536
CN,人工智能,防灾,12,3546,15,0.0536
CN,人工智能,多路径,12,3546,15,0.0536
CN,人工智能,以应,12,3546,15,0.0536
CN,人工智能,产权,12,3546,15,0.0536
CN,人工智能,数据服务,12,3546,15,0.0536
CN,人工智能,枢纽,12,3546,15,0.0536
CN,人工智能,搭建,12,3546,15,0.0536
CN,人工智能,labeling,12,3546,15,0.0536
CN,人工智能,出发点,12,3546,15,0.0536
CN,人工智能,趋势,12,3546,15,0.0536
CN,人工智能,线性,12,3546,15,0.0536
CN,人工智能,拟合,12,3546,15,0.0536
CN,人工智能,蕴含,12,3546,15,0.0536
CN,人工智能,全球化,12,3546,15,0.0536
CN,人工智能,混淆,12,3546,15,0.0536
CN,人工智能,鉴别,12,3546,15,0.0536
CN,人工智能,涉赌,12,3546,15,0.0536
CN,人工智能,中多,12,3546,15,0.0536
CN,人工智能,基因,12,3546,15,0.0536
CN,人工智能,预设,12,3546,15,0.0536
CN,人工智能,步提,12,3546,15,0.0536
CN,人工智能,举报,12,3546,15,0.0536
CN,人工智能,共商,12,3546,15,0.0536
CN,人工智能,监督权,12,3546,15,0.0536
CN,人工智能,易于,12,3546,15,0.0536
CN,人工智能,泄漏,12,3546,15,0.0536
CN,人工智能,未成年,12,3546,15,0.0536
CN,人工智能,层级,12,3546,15,0.0536
CN,人工智能,微扰,12,3546,15,0.0536
CN,人工智能,微调,12,3546,30,-0.0573
CN,人工智能,难度,12,3546,30,-0.0573
CN,人工智能,同意,12,3546,30,-0.0573
CN,人工智能,地位,12,3546,30,-0.0573
CN,人工智能,化等,12,3546,30,-0.0573
CN,人工智能,脱敏,12,3546,30,-0.0573
CN,人工智能,知情权,12,3546,30,-0.0573
CN,人工智能,选择权,12,3546,30,-0.0573
CN,人工智能,归属,12,3546,30,-0.0573
CN,人工智能,窃取,12,3546,30,-0.0573
CN,人工智能,严重,12,3546,30,-0.0573
CN,人工智能,版本,12,3546,35,-0.082
CN,人工智能,幻觉,12,3546,45,-0.1222
CN,人工智能,系统性,12,3546,45,-0.1222
CN,人工智能,特征,12,3546,75,-0.204
CN,人工智能,可靠性,12,3546,120,-0.2792
CN,人工智能,各省,11,3546,11,0.0881
CN,人工智能,移动,11,3546,15,0.0392
CN,人工智能,电商,11,3546,15,0.0392
CN,人工智能,减灾,11,3546,15,0.0392
CN,人工智能,救援,11,3546,15,0.0392
CN,人工智能,共性,11,3546,15,0.0392
CN,人工智能,激励机制,11,3546,15,0.0392
CN,人工智能,通识,11,3546,15,0.0392
CN,人工智能,长期,11,3546,15,0.0392
CN,人工智能,战略,11,3546,15,0.0392
CN,人工智能,分担,11,3546,15,0.0392
CN,人工智能,退出,11,3546,15,0.0392
CN,人工智能,委要,11,3546,15,0.0392
CN,人工智能,content,11,3546,15,0.0392
CN,人工智能,framework,11,3546,15,0.0392
CN,人工智能,落脚点,11,3546,15,0.0392
CN,人工智能,技管,11,3546,15,0.0392
CN,人工智能,计算,11,3546,15,0.0392
CN,人工智能,协作,11,3546,15,0.0392
CN,人工智能,垄断,11,3546,15,0.0392
CN,人工智能,管制,11,3546,15,0.0392
CN,人工智能,单边,11,3546,15,0.0392
CN,人工智能,强制措施,11,3546,15,0.0392
CN,人工智能,壁垒,11,3546,15,0.0392
CN,人工智能,涉毒,11,3546,15,0.0392
CN,人工智能,宽泛,11,3546,15,0.0392
CN,人工智能,轻量,11,3546,15,0.0392
CN,人工智能,科学研究,11,3546,15,0.0392
CN,人工智能,创意,11,3546,15,0.0392
CN,人工智能,退化,11,3546,15,0.0392
CN,人工智能,减弱,11,3546,15,0.0392
CN,人工智能,挖掘,11,3546,15,0.0392
CN,人工智能,计算技术,11,3546,15,0.0392
CN,人工智能,分级管理,11,3546,15,0.0392
CN,人工智能,具体情况,11,3546,15,0.0392
CN,人工智能,受理,11,3546,15,0.0392
CN,人工智能,主义,11,3546,15,0.0392
CN,人工智能,预案,11,3546,15,0.0392
CN,人工智能,从业,11,3546,15,0.0392
CN,人工智能,裁决权,11,3546,15,0.0392
CN,人工智能,开关,11,3546,15,0.0392
CN,人工智能,预留,11,3546,15,0.0392
CN,人工智能,以多,11,3546,15,0.0392
CN,人工智能,接收,11,3546,15,0.0392
CN,人工智能,回报,11,3546,15,0.0392
CN,人工智能,智算,11,3546,22,-0.0213
CN,人工智能,持使,11,3546,23,-0.0283
CN,人工智能,前瞻,11,3546,30,-0.0703
CN,人工智能,中建,11,3546,30,-0.0703
CN,人工智能,版权,11,3546,35,-0.0946
CN,人工智能,消耗,11,3546,60,-0.1797
CN,人工智能,污染,11,3546,60,-0.1797
CN,人工智能,总体,10,3546,15,0.0238
CN,人工智能,模态,10,3546,15,0.0238
CN,人工智能,通信,10,3546,15,0.0238
CN,人工智能,传统产业,10,3546,15,0.0238
CN,人工智能,战略性,10,3546,15,0.0238
CN,人工智能,新兴产业,10,3546,15,0.0238
CN,人工智能,商务,10,3546,15,0.0238
CN,人工智能,家政,10,3546,15,0.0238
CN,人工智能,救灾,10,3546,15,0.0238
CN,人工智能,现场,10,3546,15,0.0238
CN,人工智能,西算,10,3546,15,0.0238
CN,人工智能,校将,10,3546,15,0.0238
CN,人工智能,公民,10,3546,15,0.0238
CN,人工智能,safety,10,3546,15,0.0238
CN,人工智能,态度,10,3546,15,0.0238
CN,人工智能,运维,10,3546,15,0.0238
CN,人工智能,神经,10,3546,15,0.0238
CN,人工智能,下游,10,3546,15,0.0238
CN,人工智能,便利,10,3546,15,0.0238
CN,人工智能,意识形态,10,3546,15,0.0238
CN,人工智能,技巧,10,3546,15,0.0238
CN,人工智能,化能,10,3546,15,0.0238
CN,人工智能,犯罪,10,3546,15,0.0238
CN,人工智能,左右,10,3546,15,0.0238
CN,人工智能,结构性,10,3546,15,0.0238
CN,人工智能,觉醒,10,3546,15,0.0238
CN,人工智能,能效,10,3546,15,0.0238
CN,人工智能,励地,10,3546,15,0.0238
CN,人工智能,防御,10,3546,15,0.0238
CN,人工智能,知情,10,3546,15,0.0238
CN,人工智能,抵御,10,3546,15,0.0238
CN,人工智能,提前,10,3546,15,0.0238
CN,人工智能,调度,10,3546,15,0.0238
CN,人工智能,不可逆转,10,3546,15,0.0238
CN,人工智能,公正,10,3546,15,0.0238
CN,人工智能,奖励,10,3546,15,0.0238
CN,人工智能,惩罚,10,3546,15,0.0238
CN,人工智能,逐步,10,3546,15,0.0238
CN,人工智能,最优,10,3546,15,0.0238
CN,人工智能,累积,10,3546,15,0.0238
CN,人工智能,动化,10,3546,30,-0.084
CN,人工智能,真实性,10,3546,30,-0.084
CN,人工智能,隐匿,10,3546,30,-0.084
CN,人工智能,意图,10,3546,30,-0.084
CN,人工智能,下载,10,3546,40,-0.1288
CN,人工智能,行政,10,3546,45,-0.1471
CN,人工智能,过滤,10,3546,57,-0.1839
CN,人工智能,明显,10,3546,88,-0.2514
CN,人工智能,6g,9,3546,15,0.0073
CN,人工智能,法向,9,3546,15,0.0073
CN,人工智能,经营范围,9,3546,15,0.0073
CN,人工智能,物业,9,3546,15,0.0073
CN,人工智能,治安管理,9,3546,15,0.0073
CN,人工智能,执法,9,3546,15,0.0073
CN,人工智能,指挥,9,3546,15,0.0073
CN,人工智能,对接,9,3546,15,0.0073
CN,人工智能,公共财政,9,3546,15,0.0073
CN,人工智能,东数,9,3546,15,0.0073
CN,人工智能,学科专业,9,3546,15,0.0073
CN,人工智能,法人,9,3546,15,0.0073
CN,人工智能,取得,9,3546,15,0.0073
CN,人工智能,轻量级,9,3546,15,0.0073
CN,人工智能,采取措施,9,3546,15,0.0073
CN,人工智能,最佳,9,3546,15,0.0073
CN,人工智能,提倡,9,3546,15,0.0073
CN,人工智能,开放性,9,3546,15,0.0073
CN,人工智能,跨地区,9,3546,15,0.0073
CN,人工智能,跨国,9,3546,15,0.0073
CN,人工智能,更为,9,3546,15,0.0073
CN,人工智能,状态,9,3546,15,0.0073
CN,人工智能,个体,9,3546,15,0.0073
CN,人工智能,性格,9,3546,15,0.0073
CN,人工智能,群进,9,3546,15,0.0073
CN,人工智能,区别对待,9,3546,15,0.0073
CN,人工智能,拓宽,9,3546,15,0.0073
CN,人工智能,魔盒,9,3546,15,0.0073
CN,人工智能,杀伤性,9,3546,15,0.0073
CN,人工智能,直接,9,3546,15,0.0073
CN,人工智能,供应,9,3546,15,0.0073
CN,人工智能,氛围,9,3546,15,0.0073
CN,人工智能,人工,9,3546,15,0.0073
CN,人工智能,智全理,9,3546,15,0.0073
CN,人工智能,回退,9,3546,15,0.0073
CN,人工智能,其应,9,3546,15,0.0073
CN,人工智能,投诉,9,3546,15,0.0073
CN,人工智能,克服,9,3546,15,0.0073
CN,人工智能,不利条件,9,3546,15,0.0073
CN,人工智能,出现意外,9,3546,15,0.0073
CN,人工智能,最低,9,3546,15,0.0073
CN,人工智能,限度,9,3546,15,0.0073
CN,人工智能,主运,9,3546,15,0.0073
CN,人工智能,业级,9,3546,15,0.0073
CN,人工智能,颠覆性,9,3546,15,0.0073
CN,人工智能,建模,9,3546,15,0.0073
CN,人工智能,模式识别,9,3546,15,0.0073
CN,人工智能,体化,9,3546,30,-0.0988
CN,人工智能,从应,9,3546,30,-0.0988
CN,人工智能,总结,9,3546,30,-0.0988
CN,人工智能,客观,9,3546,34,-0.118
CN,人工智能,法规,9,3546,45,-0.1609
CN,人工智能,部门规章,9,3546,45,-0.1609
CN,人工智能,操作,9,3546,60,-0.2049
CN,人工智能,外部,9,3546,65,-0.2171
CN,人工智能,习近平,8,3546,15,-0.0106
CN,人工智能,现代,8,3546,15,-0.0106
CN,人工智能,灵活,8,3546,15,-0.0106
CN,人工智能,海洋,8,3546,15,-0.0106
CN,人工智能,基础架构,8,3546,15,-0.0106
CN,人工智能,资助,8,3546,15,-0.0106
CN,人工智能,产教,8,3546,15,-0.0106
CN,人工智能,办公室,8,3546,15,-0.0106
CN,人工智能,此外,8,3546,15,-0.0106
CN,人工智能,由于,8,3546,15,-0.0106
CN,人工智能,依托,8,3546,15,-0.0106
CN,人工智能,暗藏,8,3546,15,-0.0106
CN,人工智能,议程,8,3546,15,-0.0106
CN,人工智能,同质化,8,3546,15,-0.0106
CN,人工智能,普通,8,3546,15,-0.0106
CN,人工智能,扩充,8,3546,15,-0.0106
CN,人工智能,熔断,8,3546,15,-0.0106
CN,人工智能,关联,8,3546,15,-0.0106
CN,人工智能,尊严,8,3546,15,-0.0106
CN,人工智能,技术开发,8,3546,15,-0.0106
CN,人工智能,聚焦,8,3546,15,-0.0106
CN,人工智能,以前,8,3546,15,-0.0106
CN,人工智能,测试报告,8,3546,15,-0.0106
CN,人工智能,词注,8,3546,15,-0.0106
CN,人工智能,指标,8,3546,15,-0.0106
CN,人工智能,纠正,8,3546,15,-0.0106
CN,人工智能,之间,8,3546,15,-0.0106
CN,人工智能,科研机构,8,3546,30,-0.1148
CN,人工智能,公共利益,8,3546,30,-0.1148
CN,人工智能,审核,8,3546,30,-0.1148
CN,人工智能,传导,8,3546,30,-0.1148
CN,人工智能,消减,8,3546,30,-0.1148
CN,人工智能,核验,8,3546,75,-0.2525
CN,人工智能,向智向,7,3546,15,-0.03
CN,人工智能,为重,7,3546,15,-0.03
CN,人工智能,态势,7,3546,15,-0.03
CN,人工智能,集群,7,3546,15,-0.03
CN,人工智能,体化算,7,3546,15,-0.03
CN,人工智能,学分,7,3546,15,-0.03
CN,人工智能,层次,7,3546,15,-0.03
CN,人工智能,作合,7,3546,15,-0.03
CN,人工智能,第二条,7,3546,15,-0.03
CN,人工智能,上线,7,3546,15,-0.03
CN,人工智能,求解,7,3546,15,-0.03
CN,人工智能,事项,7,3546,15,-0.03
CN,人工智能,话题,7,3546,15,-0.03
CN,人工智能,话语权,7,3546,15,-0.03
CN,人工智能,低碳,7,3546,15,-0.03
CN,人工智能,打开,7,3546,15,-0.03
CN,人工智能,冗余,7,3546,15,-0.03
CN,人工智能,偶发,7,3546,15,-0.03
CN,人工智能,已有,7,3546,15,-0.03
CN,人工智能,扰能,7,3546,15,-0.03
CN,人工智能,详细,7,3546,15,-0.03
CN,人工智能,提供者,7,3546,15,-0.03
CN,人工智能,有权,7,3546,15,-0.03
CN,人工智能,学术,7,3546,15,-0.03
CN,人工智能,因果,7,3546,15,-0.03
CN,人工智能,体验,7,3546,30,-0.1322
CN,人工智能,性别,7,3546,30,-0.1322
CN,人工智能,泛化,7,3546,30,-0.1322
CN,人工智能,可信度,7,3546,45,-0.1919
CN,人工智能,权益,7,3546,75,-0.2672
CN,人工智能,信息内容,7,3546,123,-0.3401
CN,人工智能,action,6,3546,6,0.0804
CN,人工智能,师资,6,3546,15,-0.0516
CN,人工智能,良好氛围,6,3546,15,-0.0516
CN,人工智能,上架,6,3546,15,-0.0516
CN,人工智能,施行,6,3546,15,-0.0516
CN,人工智能,例如,6,3546,15,-0.0516
CN,人工智能,试点,6,3546,15,-0.0516
CN,人工智能,代表,6,3546,15,-0.0516
CN,人工智能,不法,6,3546,15,-0.0516
CN,人工智能,其中,6,3546,15,-0.0516
CN,人工智能,抢占,6,3546,15,-0.0516
CN,人工智能,低效,6,3546,15,-0.0516
CN,人工智能,颠覆,6,3546,15,-0.0516
CN,人工智能,就业观,6,3546,15,-0.0516
CN,人工智能,育观,6,3546,15,-0.0516
CN,人工智能,教育观,6,3546,15,-0.0516
CN,人工智能,扫描,6,3546,15,-0.0516
CN,人工智能,随机性,6,3546,15,-0.0516
CN,人工智能,提问,6,3546,15,-0.0516
CN,人工智能,统计,6,3546,15,-0.0516
CN,人工智能,中国,6,3546,30,-0.1515
CN,人工智能,复制,6,3546,30,-0.1515
CN,人工智能,义务,6,3546,30,-0.1515
CN,人工智能,不良,6,3546,30,-0.1515
CN,人工智能,危害,6,3546,90,-0.3098
CN,人工智能,+_,5,3546,5,0.0784
CN,人工智能,个性,5,3546,15,-0.0759
CN,人工智能,超常规,5,3546,15,-0.0759
CN,人工智能,部门,5,3546,15,-0.0759
CN,人工智能,日起,5,3546,15,-0.0759
CN,人工智能,软件开发,5,3546,15,-0.0759
CN,人工智能,引导性,5,3546,15,-0.0759
CN,人工智能,智能算法,5,3546,15,-0.0759
CN,人工智能,歧视性,5,3546,15,-0.0759
CN,人工智能,偏差,5,3546,15,-0.0759
CN,人工智能,之中,5,3546,15,-0.0759
CN,人工智能,遗忘,5,3546,15,-0.0759
CN,人工智能,拓扑,5,3546,15,-0.0759
CN,人工智能,成图,5,3546,15,-0.0759
CN,人工智能,世界各地,5,3546,15,-0.0759
CN,人工智能,社交,5,3546,15,-0.0759
CN,人工智能,削弱,5,3546,15,-0.0759
CN,人工智能,重复,5,3546,15,-0.0759
CN,人工智能,容灾,5,3546,15,-0.0759
CN,人工智能,业等,5,3546,15,-0.0759
CN,人工智能,前瞻性,5,3546,15,-0.0759
CN,人工智能,以新,5,3546,19,-0.1091
CN,人工智能,地域,5,3546,30,-0.1732
CN,人工智能,侵犯,5,3546,30,-0.1732
CN,人工智能,成功,5,3546,30,-0.1732
CN,人工智能,信任,5,3546,30,-0.1732
CN,人工智能,包含,5,3546,75,-0.3018
CN,人工智能,ai,4,3546,4,0.076
CN,人工智能,科研成果,4,3546,15,-0.1039
CN,人工智能,紧密结合,4,3546,15,-0.1039
CN,人工智能,第十四条,4,3546,15,-0.1039
CN,人工智能,推理模型,4,3546,15,-0.1039
CN,人工智能,数学,4,3546,15,-0.1039
CN,人工智能,新应,4,3546,15,-0.1039
CN,人工智能,确需,4,3546,15,-0.1039
CN,人工智能,有机,4,3546,15,-0.1039
CN,人工智能,探索性,4,3546,15,-0.1039
CN,人工智能,整体,4,3546,15,-0.1039
CN,人工智能,推送,4,3546,15,-0.1039
CN,人工智能,受到,4,3546,15,-0.1039
CN,人工智能,寻求,4,3546,15,-0.1039
CN,人工智能,决策问题,4,3546,15,-0.1039
CN,人工智能,纠偏,4,3546,15,-0.1039
CN,人工智能,测试数据,4,3546,15,-0.1039
CN,人工智能,商业化,4,3546,15,-0.1039
CN,人工智能,及时发现,4,3546,15,-0.1039
CN,人工智能,舆情,4,3546,15,-0.1039
CN,人工智能,政务信息,4,3546,15,-0.1039
CN,人工智能,频次,4,3546,15,-0.1039
CN,人工智能,思想,4,3546,25,-0.1735
CN,人工智能,材料,4,3546,30,-0.1983
CN,人工智能,代码,4,3546,30,-0.1983
CN,人工智能,理论,4,3546,30,-0.1983
CN,人工智能,做法,4,3546,30,-0.1983
CN,人工智能,拦截,4,3546,30,-0.1983
CN,人工智能,概率分布,4,3546,30,-0.1983
CN,人工智能,软硬件,4,3546,45,-0.2535
CN,人工智能,施策,3,3546,15,-0.1377
CN,人工智能,情景,3,3546,15,-0.1377
CN,人工智能,认定,3,3546,15,-0.1377
CN,人工智能,中华人民共和国,3,3546,15,-0.1377
CN,人工智能,网络安全,3,3546,15,-0.1377
CN,人工智能,第八条,3,3546,15,-0.1377
CN,人工智能,整合,3,3546,15,-0.1377
CN,人工智能,交付,3,3546,15,-0.1377
CN,人工智能,临算,3,3546,15,-0.1377
CN,人工智能,思潮,3,3546,15,-0.1377
CN,人工智能,不可,3,3546,15,-0.1377
CN,人工智能,依规,3,3546,15,-0.1377
CN,人工智能,多样化,3,3546,15,-0.1377
CN,人工智能,平提,3,3546,15,-0.1377
CN,人工智能,前预,3,3546,15,-0.1377
CN,人工智能,演绎,3,3546,15,-0.1377
CN,人工智能,模型训练,3,3546,30,-0.2285
CN,人工智能,国别,3,3546,30,-0.2285
CN,人工智能,仿真,3,3546,30,-0.2285
CN,人工智能,判别,3,3546,30,-0.2285
CN,人工智能,经验,3,3546,30,-0.2285
CN,人工智能,参考,3,3546,30,-0.2285
CN,人工智能,引发,3,3546,30,-0.2285
CN,人工智能,失效,3,3546,45,-0.2816
CN,人工智能,校验,3,3546,45,-0.2816
CN,人工智能,分业,2,3546,15,-0.1812
CN,人工智能,全球性,2,3546,15,-0.1812
CN,人工智能,因地制宜,2,3546,15,-0.1812
CN,人工智能,营造,2,3546,15,-0.1812
CN,人工智能,委员会,2,3546,15,-0.1812
CN,人工智能,本地化,2,3546,15,-0.1812
CN,人工智能,欺诈,2,3546,15,-0.1812
CN,人工智能,中断,2,3546,15,-0.1812
CN,人工智能,减轻,2,3546,15,-0.1812
CN,人工智能,考虑,2,3546,15,-0.1812
CN,人工智能,等级,2,3546,15,-0.1812
CN,人工智能,演练,2,3546,15,-0.1812
CN,人工智能,司法,2,3546,15,-0.1812
CN,人工智能,随着,2,3546,15,-0.1812
CN,人工智能,使得,2,3546,15,-0.1812
CN,人工智能,因材施教,1,3546,15,-0.2462
CN,人工智能,共绘,1,3546,15,-0.2462
CN,人工智能,抓好,1,3546,15,-0.2462
CN,人工智能,用户服务,1,3546,15,-0.2462
CN,人工智能,压实,1,3546,15,-0.2462
CN,人工智能,纠错,1,3546,15,-0.2462
CN,人工智能,还有,1,3546,15,-0.2462
CN,人工智能,速度,1,3546,15,-0.2462
CN,人工智能,有效性,1,3546,15,-0.2462
CN,人工智能,绕过,1,3546,15,-0.2462
CN,人工智能,牟利,1,3546,15,-0.2462
CN,人工智能,习惯,1,3546,15,-0.2462
CN,人工智能,谋求,1,3546,15,-0.2462
CN,人工智能,充分,1,3546,15,-0.2462
CN,人工智能,切换,1,3546,15,-0.2462
CN,人工智能,取证,1,3546,15,-0.2462
CN,人工智能,信仰,1,3546,30,-0.3256
CN,人工智能,界面,1,3546,45,-0.372
CN,人工智能,篡改,1,3546,75,-0.4305
CN,安全,人工智能,1381,2294,3546,0.0338
CN,安全,技术,474,2294,1088,0.0634
CN,安全,模型,457,2294,1093,0.0467
CN,安全,社会,357,2294,562,0.1892
CN,安全,信息,312,2294,727,0.0495
CN,安全,数据,302,2294,953,-0.0514
CN,安全,应对,280,2294,434,0.1794
CN,安全,算法,276,2294,505,0.1252
CN,安全,场景,261,2294,583,0.06
CN,安全,系统,254,2294,632,0.0257
CN,安全,治理,251,2294,524,0.0804
CN,安全,防范,220,2294,369,0.1428
CN,安全,影响,212,2294,433,0.0828
CN,安全,机制,210,2294,377,0.1207
CN,安全,发展,199,2294,796,-0.1142
CN,安全,服务,198,2294,796,-0.1155
CN,安全,分级,191,2294,258,0.1992
CN,安全,措施,178,2294,357,0.0839
CN,安全,建设,178,2294,432,0.0302
CN,安全,制定,177,2294,260,0.1713
CN,安全,管理,175,2294,388,0.0554
CN,安全,训练,164,2294,424,0.0121
CN,安全,研发,158,2294,356,0.0494
CN,安全,确保,157,2294,274,0.1189
CN,安全,分类,147,2294,226,0.1507
CN,安全,规范,146,2294,300,0.073
CN,安全,国家,142,2294,238,0.1264
CN,安全,内容,135,2294,798,-0.2046
CN,安全,强化,133,2294,313,0.0359
CN,安全,输出,133,2294,405,-0.0312
CN,安全,监管,130,2294,220,0.121
CN,安全,稳定,128,2294,135,0.2424
CN,安全,提出,128,2294,195,0.1476
CN,安全,防护,126,2294,180,0.1635
CN,安全,过程,122,2294,282,0.0397
CN,安全,测试,119,2294,170,0.1612
CN,安全,框架,119,2294,178,0.1495
CN,安全,保护,118,2294,163,0.1693
CN,安全,环境,116,2294,232,0.0756
CN,安全,评估,115,2294,188,0.126
CN,安全,潜在,112,2294,135,0.2011
CN,安全,部署,110,2294,186,0.1162
CN,安全,设计,109,2294,232,0.059
CN,安全,有效,107,2294,180,0.1167
CN,安全,原则,102,2294,120,0.2024
CN,安全,可能,101,2294,225,0.0468
CN,安全,缺陷,100,2294,207,0.0645
CN,安全,测评,99,2294,105,0.226
CN,安全,结合,99,2294,135,0.1653
CN,安全,攻击,98,2294,252,0.0119
CN,安全,采取,98,2294,270,-0.0047
CN,安全,开源,97,2294,256,0.0056
CN,安全,识别,95,2294,211,0.0469
CN,安全,组织,95,2294,240,0.016
CN,安全,产品,94,2294,301,-0.0406
CN,安全,开展,90,2294,240,0.0031
CN,安全,威胁,89,2294,104,0.1975
CN,安全,可控,89,2294,135,0.136
CN,安全,涉及,88,2294,110,0.1811
CN,安全,收集,87,2294,140,0.1214
CN,安全,问题,87,2294,217,0.0187
CN,安全,共享,86,2294,179,0.061
CN,安全,优化,86,2294,221,0.0117
CN,安全,基础设施,85,2294,165,0.077
CN,安全,可靠性,83,2294,120,0.1449
CN,安全,规模,83,2294,226,-0.0018
CN,安全,关键,82,2294,120,0.1417
CN,安全,需求,80,2294,150,0.0839
CN,安全,指引,79,2294,97,0.1808
CN,安全,合作,79,2294,205,0.0092
CN,安全,针对,78,2294,120,0.1287
CN,安全,政府,78,2294,179,0.0373
CN,安全,恶意,78,2294,206,0.0052
CN,安全,范围,77,2294,195,0.0147
CN,安全,明确,77,2294,208,0.0
CN,安全,环节,76,2294,105,0.1524
CN,安全,分析,76,2294,135,0.0953
CN,安全,构建,76,2294,180,0.0299
CN,安全,资源,76,2294,240,-0.0355
CN,安全,权益,75,2294,75,0.2251
CN,安全,危害,75,2294,90,0.1838
CN,安全,基础,75,2294,197,0.0064
CN,安全,定期,74,2294,120,0.1153
CN,安全,供应链,74,2294,128,0.1007
CN,安全,共识,74,2294,150,0.0649
CN,安全,开发,73,2294,130,0.0938
CN,安全,风险,73,2294,159,0.0485
CN,安全,持续,73,2294,165,0.0401
CN,安全,标识,72,2294,646,-0.2694
CN,安全,处理,71,2294,143,0.0657
CN,安全,体系,71,2294,225,-0.0357
CN,安全,带来,70,2294,184,0.0061
CN,安全,伦理,70,2294,235,-0.0485
CN,安全,智能化,70,2294,274,-0.0827
CN,安全,探索,70,2294,315,-0.1138
CN,安全,要求,69,2294,168,0.0231
CN,安全,协同,67,2294,306,-0.116
CN,安全,决策,67,2294,346,-0.1431
CN,安全,隐私,66,2294,90,0.1505
CN,安全,认知,66,2294,135,0.0612
CN,安全,要素,66,2294,198,-0.0231
CN,安全,泄露,65,2294,107,0.1087
CN,安全,存在,65,2294,144,0.0435
CN,安全,国际,65,2294,195,-0.023
CN,安全,交互,65,2294,229,-0.0583
CN,安全,漏洞,64,2294,101,0.1175
CN,安全,创新,64,2294,328,-0.14
CN,安全,保障,61,2294,95,0.1192
CN,安全,威胁性,60,2294,60,0.2143
CN,安全,责任,60,2294,87,0.1342
CN,安全,服务提供者,60,2294,322,-0.148
CN,安全,关注,59,2294,75,0.162
CN,安全,及时,59,2294,90,0.1228
CN,安全,重点,59,2294,120,0.061
CN,安全,共治,58,2294,81,0.1412
CN,安全,失控,58,2294,150,0.0093
CN,安全,链条,57,2294,60,0.201
CN,安全,透明度,57,2294,90,0.1145
CN,安全,审计,57,2294,90,0.1145
CN,安全,加剧,56,2294,112,0.0639
CN,安全,信息内容,56,2294,123,0.044
CN,安全,安全意识,55,2294,60,0.1919
CN,安全,功能,55,2294,165,-0.0222
CN,安全,质量,55,2294,173,-0.0322
CN,安全,标准规范,54,2294,60,0.1873
CN,安全,访问,54,2294,82,0.1215
CN,安全,跟踪,54,2294,90,0.1018
CN,安全,维度,53,2294,60,0.1827
CN,安全,设置,53,2294,84,0.112
CN,安全,安全性,53,2294,86,0.107
CN,安全,违法,53,2294,109,0.0573
CN,安全,形成,53,2294,249,-0.1162
CN,安全,价值观,52,2294,119,0.0347
CN,安全,标注,52,2294,132,0.013
CN,安全,特征,51,2294,75,0.1267
CN,安全,经济,51,2294,137,0.0012
CN,安全,针对性,50,2294,60,0.1684
CN,安全,增强,50,2294,135,0.0001
CN,安全,导致,50,2294,150,-0.0218
CN,安全,合成,50,2294,235,-0.1149
CN,安全,全球,50,2294,236,-0.1158
CN,安全,发现,49,2294,86,0.0891
CN,安全,维护,48,2294,75,0.1126
CN,安全,权限,48,2294,98,0.0576
CN,安全,公众,48,2294,120,0.0159
CN,安全,结果,48,2294,172,-0.0581
CN,安全,可靠,47,2294,90,0.0705
CN,安全,规则,47,2294,105,0.0389
CN,安全,检测,46,2294,95,0.0548
CN,安全,开放,46,2294,153,-0.0424
CN,安全,释放,45,2294,45,0.2018
CN,安全,具体,45,2294,63,0.1335
CN,安全,特点,45,2294,90,0.061
CN,安全,教育,45,2294,117,0.0078
CN,安全,备案,44,2294,45,0.1963
CN,安全,险进,44,2294,45,0.1963
CN,安全,及应,44,2294,75,0.0931
CN,安全,社区,44,2294,90,0.0562
CN,安全,应急,44,2294,98,0.039
CN,安全,现实,43,2294,60,0.1329
CN,安全,能源,43,2294,60,0.1329
CN,安全,扩散,43,2294,90,0.0513
CN,安全,符合,43,2294,113,0.0055
CN,安全,护栏,42,2294,45,0.1852
CN,安全,法律法规,42,2294,60,0.1276
CN,安全,指导,42,2294,60,0.1276
CN,安全,快速,42,2294,65,0.1115
CN,安全,合法权益,42,2294,90,0.0464
CN,安全,评价,42,2294,102,0.0213
CN,安全,隐患,41,2294,45,0.1795
CN,安全,认识,41,2294,60,0.1222
CN,安全,遵循,41,2294,90,0.0414
CN,安全,降低,41,2294,105,0.0106
CN,安全,来源,41,2294,119,-0.0143
CN,安全,准确,41,2294,120,-0.016
CN,安全,控制,41,2294,125,-0.0241
CN,安全,挑战,41,2294,135,-0.0394
CN,安全,修复,40,2294,45,0.1737
CN,安全,活动,40,2294,159,-0.0766
CN,安全,灾难性,39,2294,45,0.1678
CN,安全,安全漏洞,39,2294,60,0.1111
CN,安全,周期,39,2294,75,0.0671
CN,安全,监测,39,2294,98,0.0143
CN,安全,打造,39,2294,120,-0.0257
CN,安全,产业,39,2294,147,-0.0657
CN,安全,国家标准,38,2294,45,0.1619
CN,安全,解释性,38,2294,60,0.1054
CN,安全,平台,38,2294,174,-0.1036
CN,安全,主体,37,2294,45,0.1558
CN,安全,落实,37,2294,60,0.0997
CN,安全,不断,37,2294,60,0.0997
CN,安全,基本,37,2294,60,0.0997
CN,安全,基本准则,37,2294,75,0.0561
CN,安全,可信,37,2294,88,0.0249
CN,安全,学习,37,2294,121,-0.0373
CN,安全,实现,37,2294,195,-0.1305
CN,安全,国际交流,36,2294,45,0.1497
CN,安全,具备,36,2294,51,0.1254
CN,安全,敏感,36,2294,85,0.0262
CN,安全,企业,36,2294,165,-0.1027
CN,安全,可追溯,35,2294,45,0.1434
CN,安全,主管,35,2294,45,0.1434
CN,安全,验证,35,2294,73,0.05
CN,安全,鲁棒性,35,2294,75,0.0447
CN,安全,健康,35,2294,118,-0.0428
CN,安全,机构,35,2294,120,-0.046
CN,安全,业应,34,2294,45,0.1371
CN,安全,软硬件,34,2294,45,0.1371
CN,安全,特别,34,2294,58,0.0883
CN,安全,消耗,34,2294,60,0.0818
CN,安全,培养,34,2294,61,0.0786
CN,安全,性能,34,2294,75,0.0389
CN,安全,知识产权,33,2294,69,0.0489
CN,安全,不同,33,2294,70,0.0462
CN,安全,实践,33,2294,75,0.033
CN,安全,避免,33,2294,93,-0.0081
CN,安全,违规,32,2294,45,0.124
CN,安全,透明,32,2294,90,-0.0077
CN,安全,最终,31,2294,68,0.0393
CN,安全,准确性,31,2294,75,0.0208
CN,安全,调整,31,2294,81,0.0063
CN,安全,共同,31,2294,105,-0.0427
CN,安全,软件,31,2294,135,-0.0901
CN,安全,特性,30,2294,30,0.1864
CN,安全,消减,30,2294,30,0.1864
CN,安全,此基础,30,2294,30,0.1864
CN,安全,级别,30,2294,30,0.1864
CN,安全,严重,30,2294,30,0.1864
CN,安全,定级,30,2294,30,0.1864
CN,安全,建议,30,2294,45,0.1104
CN,安全,培训,30,2294,45,0.1104
CN,安全,系统性,30,2294,45,0.1104
CN,安全,梳理,30,2294,60,0.0564
CN,安全,容错,30,2294,60,0.0564
CN,安全,应用,30,2294,60,0.0564
CN,安全,指南,30,2294,60,0.0564
CN,安全,流程,30,2294,75,0.0145
CN,安全,必要,30,2294,89,-0.0176
CN,安全,培育,30,2294,184,-0.1538
CN,安全,轻微,29,2294,29,0.1852
CN,安全,化解,29,2294,30,0.1789
CN,安全,因素,29,2294,30,0.1789
CN,安全,防范措施,29,2294,30,0.1789
CN,安全,管理制度,29,2294,45,0.1033
CN,安全,同步,29,2294,45,0.1033
CN,安全,预警,29,2294,49,0.0875
CN,安全,有害信息,29,2294,59,0.0529
CN,安全,综合治理,29,2294,60,0.0497
CN,安全,冲击,29,2294,60,0.0497
CN,安全,制度,29,2294,69,0.0237
CN,安全,管控,29,2294,72,0.0157
CN,安全,从应,28,2294,30,0.1713
CN,安全,中建,28,2294,30,0.1713
CN,安全,化等,28,2294,30,0.1713
CN,安全,脱敏,28,2294,30,0.1713
CN,安全,类型,28,2294,45,0.0962
CN,安全,公开,28,2294,45,0.0962
CN,安全,变化,28,2294,52,0.0694
CN,安全,演进,28,2294,60,0.0429
CN,安全,设施,28,2294,60,0.0429
CN,安全,空间,28,2294,75,0.0016
CN,安全,逻辑,28,2294,105,-0.0607
CN,安全,诱导,27,2294,45,0.0888
CN,安全,异常,27,2294,60,0.0359
CN,安全,基于,27,2294,135,-0.1133
CN,安全,公共利益,26,2294,30,0.1554
CN,安全,重要性,26,2294,30,0.1554
CN,安全,阈值,26,2294,30,0.1554
CN,安全,管理机制,26,2294,30,0.1554
CN,安全,政务,26,2294,40,0.1029
CN,安全,电信,26,2294,45,0.0813
CN,安全,安全事件,26,2294,49,0.0658
CN,安全,对抗,26,2294,71,-0.002
CN,安全,配置,26,2294,72,-0.0045
CN,安全,精准,26,2294,75,-0.012
CN,安全,推理,26,2294,90,-0.0453
CN,安全,前沿,25,2294,25,0.1803
CN,安全,互动,25,2294,30,0.1472
CN,安全,加固,25,2294,30,0.1472
CN,安全,公平性,25,2294,30,0.1472
CN,安全,交通,25,2294,45,0.0736
CN,安全,协调,25,2294,60,0.0215
CN,安全,普惠,25,2294,75,-0.019
CN,安全,处置,25,2294,90,-0.0521
CN,安全,特定,25,2294,103,-0.0766
CN,安全,协议,25,2294,105,-0.0801
CN,安全,深度,25,2294,165,-0.162
CN,安全,增进,24,2294,30,0.1388
CN,安全,各种,24,2294,30,0.1388
CN,安全,组件,24,2294,30,0.1388
CN,安全,第三,24,2294,30,0.1388
CN,安全,选取,24,2294,30,0.1388
CN,安全,包容,24,2294,39,0.0915
CN,安全,技术标准,24,2294,45,0.0657
CN,安全,失效,24,2294,45,0.0657
CN,安全,驾驶,24,2294,45,0.0657
CN,安全,限制,24,2294,71,-0.0164
CN,安全,相衔接,23,2294,30,0.1301
CN,安全,修补,23,2294,30,0.1301
CN,安全,作恶,23,2294,30,0.1301
CN,安全,差异化,23,2294,30,0.1301
CN,安全,计划,23,2294,30,0.1301
CN,安全,检查,23,2294,30,0.1301
CN,安全,安全控制,23,2294,30,0.1301
CN,安全,清晰,23,2294,45,0.0576
CN,安全,供给,23,2294,60,0.0062
CN,安全,监督,23,2294,60,0.0062
CN,安全,其他,23,2294,90,-0.0662
CN,安全,复杂,23,2294,105,-0.0938
CN,安全,传播,23,2294,163,-0.1723
CN,安全,模式,23,2294,240,-0.2415
CN,安全,标准化,22,2294,30,0.1212
CN,安全,内部,22,2294,45,0.0493
CN,安全,改进,22,2294,45,0.0493
CN,安全,多元,22,2294,52,0.0237
CN,安全,歧视,22,2294,112,-0.1123
CN,安全,边界,21,2294,45,0.0407
CN,安全,路径,21,2294,45,0.0407
CN,安全,了解,21,2294,45,0.0407
CN,安全,布局,21,2294,60,-0.0099
CN,安全,获取,21,2294,60,-0.0099
CN,安全,武器,21,2294,75,-0.0491
CN,安全,合理,21,2294,75,-0.0491
CN,安全,知识,21,2294,161,-0.1834
CN,安全,研究,21,2294,166,-0.1888
CN,安全,更新,20,2294,30,0.1026
CN,安全,未经,20,2294,30,0.1026
CN,安全,对模型,20,2294,30,0.1026
CN,安全,选择,20,2294,45,0.0319
CN,安全,认证,20,2294,48,0.0206
CN,安全,不当,20,2294,52,0.0067
CN,安全,尊重,20,2294,53,0.0033
CN,安全,对象,20,2294,60,-0.0183
CN,安全,造成,20,2294,90,-0.089
CN,安全,预期,20,2294,97,-0.102
CN,安全,程度,19,2294,30,0.0928
CN,安全,衍生,19,2294,30,0.0928
CN,安全,透明性,19,2294,30,0.0928
CN,安全,判别,19,2294,30,0.0928
CN,安全,细则,19,2294,30,0.0928
CN,安全,合同,19,2294,45,0.0227
CN,安全,运营,19,2294,60,-0.027
CN,安全,合规,19,2294,60,-0.027
CN,安全,反映,19,2294,60,-0.027
CN,安全,科技,19,2294,111,-0.1333
CN,安全,加快,19,2294,309,-0.3102
CN,安全,单位,18,2294,20,0.1521
CN,安全,积极参与,18,2294,30,0.0827
CN,安全,敏感数据,18,2294,30,0.0827
CN,安全,数字,18,2294,45,0.0133
CN,安全,数据处理,18,2294,60,-0.036
CN,安全,准则,18,2294,66,-0.0523
CN,安全,动态,18,2294,75,-0.0742
CN,安全,传统,18,2294,98,-0.12
CN,安全,侵犯,17,2294,30,0.0722
CN,安全,引发,17,2294,30,0.0722
CN,安全,违法犯罪,17,2294,47,-0.0039
CN,安全,策略,17,2294,75,-0.0832
CN,安全,依赖,17,2294,83,-0.1003
CN,安全,积极,17,2294,105,-0.1402
CN,安全,判断,17,2294,165,-0.2168
CN,安全,监督机制,16,2294,30,0.0613
CN,安全,校验,16,2294,45,-0.0068
CN,安全,记录,16,2294,52,-0.031
CN,安全,机器,16,2294,60,-0.055
CN,安全,坚持,16,2294,75,-0.0925
CN,安全,制造,16,2294,90,-0.1231
CN,安全,化导,16,2294,90,-0.1231
CN,安全,感知,16,2294,166,-0.2258
CN,安全,新格局,15,2294,15,0.165
CN,安全,防灾,15,2294,15,0.165
CN,安全,减灾,15,2294,15,0.165
CN,安全,救灾,15,2294,15,0.165
CN,安全,达成,15,2294,15,0.165
CN,安全,办公室,15,2294,15,0.165
CN,安全,秉持,15,2294,15,0.165
CN,安全,安全观,15,2294,15,0.165
CN,安全,并重,15,2294,15,0.165
CN,安全,要务,15,2294,15,0.165
CN,安全,利益,15,2294,15,0.165
CN,安全,态度,15,2294,15,0.165
CN,安全,试点,15,2294,15,0.165
CN,安全,新应,15,2294,15,0.165
CN,安全,纠错,15,2294,15,0.165
CN,安全,严守,15,2294,15,0.165
CN,安全,底线,15,2294,15,0.165
CN,安全,严防,15,2294,15,0.165
CN,安全,始终,15,2294,15,0.165
CN,安全,处于,15,2294,15,0.165
CN,安全,之下,15,2294,15,0.165
CN,安全,构成,15,2294,15,0.165
CN,安全,软件开发,15,2294,15,0.165
CN,安全,引导性,15,2294,15,0.165
CN,安全,整合,15,2294,15,0.165
CN,安全,交付,15,2294,15,0.165
CN,安全,意识形态,15,2294,15,0.165
CN,安全,对抗性,15,2294,15,0.165
CN,安全,原理,15,2294,15,0.165
CN,安全,扫描,15,2294,15,0.165
CN,安全,冗余,15,2294,15,0.165
CN,安全,容灾,15,2294,15,0.165
CN,安全,仍能,15,2294,15,0.165
CN,安全,正常,15,2294,15,0.165
CN,安全,不可,15,2294,15,0.165
CN,安全,分级分类,15,2294,15,0.165
CN,安全,分级管理,15,2294,15,0.165
CN,安全,登记,15,2294,15,0.165
CN,安全,相匹配,15,2294,15,0.165
CN,安全,基线,15,2294,15,0.165
CN,安全,业等,15,2294,15,0.165
CN,安全,普遍,15,2294,15,0.165
CN,安全,具体情况,15,2294,15,0.165
CN,安全,众测,15,2294,15,0.165
CN,安全,汇集,15,2294,15,0.165
CN,安全,跨域,15,2294,15,0.165
CN,安全,融等,15,2294,15,0.165
CN,安全,课程体系,15,2294,15,0.165
CN,安全,基础教育,15,2294,15,0.165
CN,安全,顶尖,15,2294,15,0.165
CN,安全,类脑,15,2294,15,0.165
CN,安全,事业单位,15,2294,15,0.165
CN,安全,课程,15,2294,15,0.165
CN,安全,科普活动,15,2294,15,0.165
CN,安全,业协会,15,2294,15,0.165
CN,安全,范作,15,2294,15,0.165
CN,安全,加密,15,2294,15,0.165
CN,安全,清洗,15,2294,15,0.165
CN,安全,解决,15,2294,15,0.165
CN,安全,设备,15,2294,15,0.165
CN,安全,具等进,15,2294,15,0.165
CN,安全,注意,15,2294,15,0.165
CN,安全,少年,15,2294,15,0.165
CN,安全,过度,15,2294,15,0.165
CN,安全,诸多,15,2294,15,0.165
CN,安全,局部性,15,2294,15,0.165
CN,安全,局部,15,2294,15,0.165
CN,安全,颠覆性,15,2294,15,0.165
CN,安全,不可逆转,15,2294,15,0.165
CN,安全,参照,15,2294,15,0.165
CN,安全,实施细则,15,2294,15,0.165
CN,安全,业本,15,2294,15,0.165
CN,安全,于本,15,2294,15,0.165
CN,安全,实例,15,2294,15,0.165
CN,安全,权重,15,2294,15,0.165
CN,安全,确定,15,2294,15,0.165
CN,安全,全护,15,2294,15,0.165
CN,安全,建模,15,2294,15,0.165
CN,安全,综合,15,2294,30,0.0499
CN,安全,理念,15,2294,30,0.0499
CN,安全,及其,15,2294,30,0.0499
CN,安全,语料,15,2294,30,0.0499
CN,安全,经济社会,15,2294,30,0.0499
CN,安全,易受,15,2294,30,0.0499
CN,安全,传导,15,2294,30,0.0499
CN,安全,超出,15,2294,30,0.0499
CN,安全,完整,15,2294,30,0.0499
CN,安全,智慧,15,2294,30,0.0499
CN,安全,医疗,15,2294,30,0.0499
CN,安全,队伍,15,2294,30,0.0499
CN,安全,引领,15,2294,30,0.0499
CN,安全,微调,15,2294,30,0.0499
CN,安全,技术创新,15,2294,30,0.0499
CN,安全,归属,15,2294,30,0.0499
CN,安全,成为,15,2294,30,0.0499
CN,安全,预防,15,2294,30,0.0499
CN,安全,沉迷,15,2294,30,0.0499
CN,安全,区域性,15,2294,30,0.0499
CN,安全,版权,15,2294,35,0.0243
CN,安全,下载,15,2294,40,0.0021
CN,安全,幻觉,15,2294,45,-0.0174
CN,安全,互联,15,2294,45,-0.0174
CN,安全,全国,15,2294,45,-0.0174
CN,安全,造福,15,2294,45,-0.0174
CN,安全,审慎,15,2294,45,-0.0174
CN,安全,任务,15,2294,45,-0.0174
CN,安全,严格,15,2294,45,-0.0174
CN,安全,可信度,15,2294,45,-0.0174
CN,安全,脑机接,15,2294,45,-0.0174
CN,安全,全过程,15,2294,60,-0.0652
CN,安全,深化,15,2294,60,-0.0652
CN,安全,操作,15,2294,60,-0.0652
CN,安全,有限,15,2294,60,-0.0652
CN,安全,篡改,15,2294,75,-0.1022
CN,安全,社会秩序,15,2294,75,-0.1022
CN,安全,科学,15,2294,78,-0.1087
CN,安全,明显,15,2294,88,-0.1287
CN,安全,属性,15,2294,106,-0.1596
CN,安全,生成合成,15,2294,418,-0.3874
CN,安全,实验,14,2294,15,0.1518
CN,安全,稳妥,14,2294,15,0.1518
CN,安全,中华人民共和国,14,2294,15,0.1518
CN,安全,手续,14,2294,15,0.1518
CN,安全,表现形式,14,2294,15,0.1518
CN,安全,险新,14,2294,15,0.1518
CN,安全,险为,14,2294,15,0.1518
CN,安全,此外,14,2294,15,0.1518
CN,安全,便利,14,2294,15,0.1518
CN,安全,叠加,14,2294,15,0.1518
CN,安全,欺诈,14,2294,15,0.1518
CN,安全,混淆,14,2294,15,0.1518
CN,安全,存储,14,2294,15,0.1518
CN,安全,传输,14,2294,15,0.1518
CN,安全,信息处理,14,2294,15,0.1518
CN,安全,防御,14,2294,15,0.1518
CN,安全,险及,14,2294,15,0.1518
CN,安全,重视,14,2294,15,0.1518
CN,安全,管理层,14,2294,15,0.1518
CN,安全,指标,14,2294,15,0.1518
CN,安全,开关,14,2294,15,0.1518
CN,安全,设计者,14,2294,15,0.1518
CN,安全,相符,14,2294,15,0.1518
CN,安全,国家主权,14,2294,30,0.038
CN,安全,极端主义,14,2294,30,0.038
CN,安全,和平,14,2294,30,0.038
CN,安全,删除,14,2294,30,0.038
CN,安全,真实,14,2294,30,0.038
CN,安全,真实性,14,2294,30,0.038
CN,安全,审核,14,2294,30,0.038
CN,安全,代码,14,2294,30,0.038
CN,安全,反馈,14,2294,33,0.0224
CN,安全,个别,14,2294,45,-0.0285
CN,安全,多样性,14,2294,45,-0.0285
CN,安全,披露,14,2294,45,-0.0285
CN,安全,追溯,14,2294,45,-0.0285
CN,安全,引导,14,2294,60,-0.0757
CN,安全,下降,14,2294,90,-0.1423
CN,安全,互联网,14,2294,108,-0.1722
CN,安全,塑造,13,2294,15,0.1379
CN,安全,普惠易,13,2294,15,0.1379
CN,安全,与此同时,13,2294,15,0.1379
CN,安全,出发点,13,2294,15,0.1379
CN,安全,压实,13,2294,15,0.1379
CN,安全,有机,13,2294,15,0.1379
CN,安全,运维,13,2294,15,0.1379
CN,安全,之中,13,2294,15,0.1379
CN,安全,遗忘,13,2294,15,0.1379
CN,安全,计算,13,2294,15,0.1379
CN,安全,临算,13,2294,15,0.1379
CN,安全,多源,13,2294,15,0.1379
CN,安全,产业链,13,2294,15,0.1379
CN,安全,事实,13,2294,15,0.1379
CN,安全,世界各地,13,2294,15,0.1379
CN,安全,直接,13,2294,15,0.1379
CN,安全,励地,13,2294,15,0.1379
CN,安全,局限,13,2294,15,0.1379
CN,安全,举报,13,2294,15,0.1379
CN,安全,测试报告,13,2294,15,0.1379
CN,安全,等级,13,2294,15,0.1379
CN,安全,完整性,13,2294,15,0.1379
CN,安全,词注,13,2294,15,0.1379
CN,安全,业务范围,13,2294,15,0.1379
CN,安全,时使,13,2294,15,0.1379
CN,安全,加密技术,13,2294,15,0.1379
CN,安全,保护措施,13,2294,15,0.1379
CN,安全,预案,13,2294,15,0.1379
CN,安全,从业,13,2294,15,0.1379
CN,安全,业级,13,2294,15,0.1379
CN,安全,预留,13,2294,15,0.1379
CN,安全,前瞻,13,2294,30,0.0255
CN,安全,劳动就业,13,2294,30,0.0255
CN,安全,对输,13,2294,30,0.0255
CN,安全,可信赖,13,2294,30,0.0255
CN,安全,宣传,13,2294,30,0.0255
CN,安全,正当,13,2294,30,0.0255
CN,安全,合法,13,2294,30,0.0255
CN,安全,参考,13,2294,30,0.0255
CN,安全,拦截,13,2294,30,0.0255
CN,安全,不良,13,2294,30,0.0255
CN,安全,公平,13,2294,45,-0.0402
CN,安全,具等,13,2294,45,-0.0402
CN,安全,有序,13,2294,60,-0.0869
CN,安全,参数,13,2294,60,-0.0869
CN,安全,污染,13,2294,60,-0.0869
CN,安全,参与,13,2294,75,-0.123
CN,安全,意识,13,2294,75,-0.123
CN,安全,发挥,13,2294,90,-0.1526
CN,安全,施策,12,2294,15,0.1234
CN,安全,治安管理,12,2294,15,0.1234
CN,安全,履行,12,2294,15,0.1234
CN,安全,以来,12,2294,15,0.1234
CN,安全,遥不可及,12,2294,15,0.1234
CN,安全,委员会,12,2294,15,0.1234
CN,安全,落脚点,12,2294,15,0.1234
CN,安全,切实,12,2294,15,0.1234
CN,安全,异构,12,2294,15,0.1234
CN,安全,鉴权,12,2294,15,0.1234
CN,安全,茧房,12,2294,15,0.1234
CN,安全,聚焦,12,2294,15,0.1234
CN,安全,扰能,12,2294,15,0.1234
CN,安全,受理,12,2294,15,0.1234
CN,安全,考虑,12,2294,15,0.1234
CN,安全,多样化,12,2294,15,0.1234
CN,安全,详细,12,2294,15,0.1234
CN,安全,并进,12,2294,15,0.1234
CN,安全,api,12,2294,15,0.1234
CN,安全,明确责任,12,2294,15,0.1234
CN,安全,及时发现,12,2294,15,0.1234
CN,安全,投诉,12,2294,15,0.1234
CN,安全,泄漏,12,2294,15,0.1234
CN,安全,信誉,12,2294,15,0.1234
CN,安全,调度,12,2294,15,0.1234
CN,安全,记忆,12,2294,15,0.1234
CN,安全,默认,12,2294,17,0.1033
CN,安全,同意,12,2294,30,0.0124
CN,安全,不含,12,2294,30,0.0124
CN,安全,标准,12,2294,33,-0.0029
CN,安全,结构,12,2294,39,-0.0296
CN,安全,涵盖,12,2294,45,-0.0525
CN,安全,予以,12,2294,45,-0.0525
CN,安全,告知,12,2294,54,-0.0817
CN,安全,赋能,12,2294,60,-0.0986
CN,安全,误导,12,2294,60,-0.0986
CN,安全,呈现,12,2294,75,-0.1343
CN,安全,说明,12,2294,85,-0.1543
CN,安全,添加,12,2294,311,-0.362
CN,安全,分业,11,2294,15,0.1079
CN,安全,交易,11,2294,15,0.1079
CN,安全,执法,11,2294,15,0.1079
CN,安全,指挥,11,2294,15,0.1079
CN,安全,现场,11,2294,15,0.1079
CN,安全,救援,11,2294,15,0.1079
CN,安全,动员,11,2294,15,0.1079
CN,安全,不再,11,2294,15,0.1079
CN,安全,代表,11,2294,15,0.1079
CN,安全,动执,11,2294,15,0.1079
CN,安全,全球化,11,2294,15,0.1079
CN,安全,话题,11,2294,15,0.1079
CN,安全,效应,11,2294,15,0.1079
CN,安全,供应,11,2294,15,0.1079
CN,安全,测试数据,11,2294,15,0.1079
CN,安全,必要性,11,2294,15,0.1079
CN,安全,其应,11,2294,15,0.1079
CN,安全,超范围,11,2294,15,0.1079
CN,安全,数据备份,11,2294,15,0.1079
CN,安全,恢复,11,2294,15,0.1079
CN,安全,复核,11,2294,15,0.1079
CN,安全,监控,11,2294,15,0.1079
CN,安全,充分考虑,11,2294,15,0.1079
CN,安全,良好,11,2294,15,0.1079
CN,安全,各类,11,2294,30,-0.0015
CN,安全,实时,11,2294,30,-0.0015
CN,安全,算法推荐,11,2294,30,-0.0015
CN,安全,控制权,11,2294,30,-0.0015
CN,安全,模型训练,11,2294,30,-0.0015
CN,安全,窃取,11,2294,30,-0.0015
CN,安全,版本,11,2294,35,-0.0258
CN,安全,社会公众,11,2294,45,-0.0655
CN,安全,专业,11,2294,45,-0.0655
CN,安全,鸿沟,11,2294,45,-0.0655
CN,安全,关键环节,11,2294,45,-0.0655
CN,安全,消费,11,2294,71,-0.1375
CN,安全,加速,11,2294,101,-0.1932
CN,安全,显式,11,2294,137,-0.2413
CN,安全,撑能,10,2294,15,0.0915
CN,安全,第十二条,10,2294,15,0.0915
CN,安全,最佳,10,2294,15,0.0915
CN,安全,智能算法,10,2294,15,0.0915
CN,安全,不法,10,2294,15,0.0915
CN,安全,暗藏,10,2294,15,0.0915
CN,安全,协作,10,2294,15,0.0915
CN,安全,思维,10,2294,15,0.0915
CN,安全,低碳,10,2294,15,0.0915
CN,安全,裁减,10,2294,15,0.0915
CN,安全,杀伤性,10,2294,15,0.0915
CN,安全,意外,10,2294,15,0.0915
CN,安全,个体差异,10,2294,15,0.0915
CN,安全,已知,10,2294,15,0.0915
CN,安全,限度,10,2294,15,0.0915
CN,安全,险险,10,2294,15,0.0915
CN,安全,研判,10,2294,30,-0.0163
CN,安全,材料,10,2294,30,-0.0163
CN,安全,知情权,10,2294,30,-0.0163
CN,安全,义务,10,2294,30,-0.0163
CN,安全,阻断,10,2294,30,-0.0163
CN,安全,城市,10,2294,30,-0.0163
CN,安全,时代,10,2294,45,-0.0794
CN,安全,局限性,10,2294,45,-0.0794
CN,安全,过滤,10,2294,57,-0.1161
CN,安全,主动,10,2294,60,-0.1241
CN,安全,包含,10,2294,75,-0.1588
CN,安全,隐式,10,2294,152,-0.2687
CN,安全,计算机,9,2294,15,0.0739
CN,安全,采取措施,9,2294,15,0.0739
CN,安全,探索性,9,2294,15,0.0739
CN,安全,传递,9,2294,15,0.0739
CN,安全,涉恐,9,2294,15,0.0739
CN,安全,节约,9,2294,15,0.0739
CN,安全,浏览,9,2294,15,0.0739
CN,安全,流失,9,2294,15,0.0739
CN,安全,商业化,9,2294,15,0.0739
CN,安全,应从,9,2294,15,0.0739
CN,安全,商官,9,2294,15,0.0739
CN,安全,主流,9,2294,15,0.0739
CN,安全,账号,9,2294,15,0.0739
CN,安全,成熟,9,2294,15,0.0739
CN,安全,切换,9,2294,15,0.0739
CN,安全,最低,9,2294,15,0.0739
CN,安全,裁决权,9,2294,15,0.0739
CN,安全,标的,9,2294,15,0.0739
CN,安全,扩展,9,2294,30,-0.0322
CN,安全,难度,9,2294,30,-0.0322
CN,安全,格局,9,2294,30,-0.0322
CN,安全,供需平衡,9,2294,30,-0.0322
CN,安全,选择权,9,2294,30,-0.0322
CN,安全,交叉,9,2294,30,-0.0322
CN,安全,仔细阅读,9,2294,30,-0.0322
CN,安全,做好,9,2294,45,-0.0942
CN,安全,情况,9,2294,45,-0.0942
CN,安全,实际,9,2294,45,-0.0942
CN,安全,虚假,9,2294,60,-0.1382
CN,安全,关系,9,2294,75,-0.1724
CN,安全,错误,9,2294,165,-0.293
CN,安全,显著,9,2294,166,-0.294
CN,安全,谋划,8,2294,15,0.0549
CN,安全,城乡,8,2294,15,0.0549
CN,安全,投标,8,2294,15,0.0549
CN,安全,密切,8,2294,15,0.0549
CN,安全,趋势,8,2294,15,0.0549
CN,安全,提倡,8,2294,15,0.0549
CN,安全,多层,8,2294,15,0.0549
CN,安全,暴露,8,2294,15,0.0549
CN,安全,整体,8,2294,15,0.0549
CN,安全,涉暴,8,2294,15,0.0549
CN,安全,现有,8,2294,15,0.0549
CN,安全,环境友好,8,2294,15,0.0549
CN,安全,能效,8,2294,15,0.0549
CN,安全,评测,8,2294,15,0.0549
CN,安全,便于,8,2294,15,0.0549
CN,安全,代表性,8,2294,15,0.0549
CN,安全,相应,8,2294,15,0.0549
CN,安全,暂停,8,2294,15,0.0549
CN,安全,严格管理,8,2294,15,0.0549
CN,安全,应向,8,2294,15,0.0549
CN,安全,映射,8,2294,15,0.0549
CN,安全,风风,8,2294,15,0.0549
CN,安全,数据分析,8,2294,15,0.0549
CN,安全,相结合,8,2294,30,-0.0493
CN,安全,导向,8,2294,30,-0.0493
CN,安全,敏捷,8,2294,30,-0.0493
CN,安全,客观,8,2294,34,-0.0681
CN,安全,国内,8,2294,45,-0.1103
CN,安全,是否,8,2294,75,-0.187
CN,安全,核验,8,2294,75,-0.187
CN,安全,辅助,8,2294,75,-0.187
CN,安全,融合,8,2294,128,-0.2674
CN,安全,延伸,7,2294,15,0.0341
CN,安全,招标,7,2294,15,0.0341
CN,安全,法人,7,2294,15,0.0341
CN,安全,强制性,7,2294,15,0.0341
CN,安全,最后,7,2294,15,0.0341
CN,安全,态链,7,2294,15,0.0341
CN,安全,开放性,7,2294,15,0.0341
CN,安全,中断,7,2294,15,0.0341
CN,安全,涉赌,7,2294,15,0.0341
CN,安全,左右,7,2294,15,0.0341
CN,安全,替代,7,2294,15,0.0341
CN,安全,聚合,7,2294,15,0.0341
CN,安全,计算技术,7,2294,15,0.0341
CN,安全,基准,7,2294,15,0.0341
CN,安全,侵权,7,2294,15,0.0341
CN,安全,外界,7,2294,15,0.0341
CN,安全,频率,7,2294,15,0.0341
CN,安全,下运,7,2294,15,0.0341
CN,安全,功能设计,7,2294,15,0.0341
CN,安全,人人,7,2294,15,0.0341
CN,安全,安安全全,7,2294,15,0.0341
CN,安全,中试,7,2294,30,-0.068
CN,安全,泛化,7,2294,30,-0.068
CN,安全,性别,7,2294,30,-0.068
CN,安全,服务体系,7,2294,30,-0.068
CN,安全,业务,7,2294,30,-0.068
CN,安全,故障,7,2294,30,-0.068
CN,安全,倡议,7,2294,30,-0.068
CN,安全,为本,7,2294,45,-0.1278
CN,安全,向善,7,2294,45,-0.1278
CN,安全,构造,7,2294,45,-0.1278
CN,安全,乡村,6,2294,15,0.0112
CN,安全,公共资源,6,2294,15,0.0112
CN,安全,基地,6,2294,15,0.0112
CN,安全,公民,6,2294,15,0.0112
CN,安全,相适应,6,2294,15,0.0112
CN,安全,蕴含,6,2294,15,0.0112
CN,安全,本地化,6,2294,15,0.0112
CN,安全,涉毒,6,2294,15,0.0112
CN,安全,多个,6,2294,15,0.0112
CN,安全,承载,6,2294,15,0.0112
CN,安全,低功耗,6,2294,15,0.0112
CN,安全,渠道,6,2294,15,0.0112
CN,安全,氛围,6,2294,15,0.0112
CN,安全,充分,6,2294,15,0.0112
CN,安全,容忍,6,2294,15,0.0112
CN,安全,演练,6,2294,15,0.0112
CN,安全,舆情,6,2294,15,0.0112
CN,安全,机工,6,2294,15,0.0112
CN,安全,生生安,6,2294,15,0.0112
CN,安全,公正,6,2294,15,0.0112
CN,安全,基础理论,6,2294,30,-0.0887
CN,安全,仿真,6,2294,30,-0.0887
CN,安全,定制,6,2294,30,-0.0887
CN,安全,地位,6,2294,30,-0.0887
CN,安全,地域,6,2294,30,-0.0887
CN,安全,不少,6,2294,30,-0.0887
CN,安全,意图,6,2294,30,-0.0887
CN,安全,部门规章,6,2294,45,-0.1471
CN,安全,重构,6,2294,45,-0.1471
CN,安全,条件,6,2294,45,-0.1471
CN,安全,业务流程,6,2294,45,-0.1471
CN,安全,各国,6,2294,60,-0.1886
CN,安全,世界,6,2294,75,-0.2207
CN,安全,优势,5,2294,15,-0.0147
CN,安全,态势,5,2294,15,-0.0147
CN,安全,搭建,5,2294,15,-0.0147
CN,安全,打击,5,2294,15,-0.0147
CN,安全,取得,5,2294,15,-0.0147
CN,安全,速度,5,2294,15,-0.0147
CN,安全,垄断,5,2294,15,-0.0147
CN,安全,绕过,5,2294,15,-0.0147
CN,安全,深伪,5,2294,15,-0.0147
CN,安全,化能,5,2294,15,-0.0147
CN,安全,议程,5,2294,15,-0.0147
CN,安全,人工,5,2294,15,-0.0147
CN,安全,抽查,5,2294,15,-0.0147
CN,安全,络端,5,2294,15,-0.0147
CN,安全,授权,5,2294,15,-0.0147
CN,安全,时间,5,2294,15,-0.0147
CN,安全,出现意外,5,2294,15,-0.0147
CN,安全,工智智,5,2294,15,-0.0147
CN,安全,不会,5,2294,15,-0.0147
CN,安全,接收,5,2294,15,-0.0147
CN,安全,涌现,5,2294,30,-0.112
CN,安全,国别,5,2294,30,-0.112
CN,安全,政策,5,2294,45,-0.169
CN,安全,法规,5,2294,45,-0.169
CN,安全,物理,5,2294,45,-0.169
CN,安全,分发,5,2294,45,-0.169
CN,安全,溯源,5,2294,45,-0.169
CN,安全,价值,5,2294,60,-0.2094
CN,安全,依法,5,2294,60,-0.2094
CN,安全,终端,5,2294,105,-0.2879
CN,安全,批新,4,2294,15,-0.0447
CN,安全,全程,4,2294,15,-0.0447
CN,安全,对接,4,2294,15,-0.0447
CN,安全,多路径,4,2294,15,-0.0447
CN,安全,采购,4,2294,15,-0.0447
CN,安全,需调,4,2294,15,-0.0447
CN,安全,管制,4,2294,15,-0.0447
CN,安全,循环,4,2294,15,-0.0447
CN,安全,更为,4,2294,15,-0.0447
CN,安全,话语权,4,2294,15,-0.0447
CN,安全,状态,4,2294,15,-0.0447
CN,安全,减轻,4,2294,15,-0.0447
CN,安全,依规,4,2294,15,-0.0447
CN,安全,其滥,4,2294,15,-0.0447
CN,安全,步提,4,2294,15,-0.0447
CN,安全,智全理,4,2294,15,-0.0447
CN,安全,发展中国家,4,2294,15,-0.0447
CN,安全,以适,4,2294,15,-0.0447
CN,安全,抵御,4,2294,15,-0.0447
CN,安全,克服,4,2294,15,-0.0447
CN,安全,不利条件,4,2294,15,-0.0447
CN,安全,衍衍,4,2294,15,-0.0447
CN,安全,围绕,4,2294,30,-0.139
CN,安全,筛选,4,2294,30,-0.139
CN,安全,信仰,4,2294,30,-0.139
CN,安全,留存,4,2294,30,-0.139
CN,安全,偏离,4,2294,30,-0.139
CN,安全,脱离,4,2294,30,-0.139
CN,安全,行政,4,2294,45,-0.1942
CN,安全,疑似,4,2294,45,-0.1942
CN,安全,覆盖,4,2294,60,-0.2334
CN,安全,外部,4,2294,65,-0.2443
CN,安全,共性,3,2294,15,-0.0807
CN,安全,有害,3,2294,15,-0.0807
CN,安全,拓扑,3,2294,15,-0.0807
CN,安全,单边,3,2294,15,-0.0807
CN,安全,抢占,3,2294,15,-0.0807
CN,安全,个体,3,2294,15,-0.0807
CN,安全,规避,3,2294,15,-0.0807
CN,安全,审查,3,2294,15,-0.0807
CN,安全,信息库,3,2294,15,-0.0807
CN,安全,开发者,3,2294,15,-0.0807
CN,安全,政务信息,3,2294,15,-0.0807
CN,安全,伪造检测,3,2294,15,-0.0807
CN,安全,提供者,3,2294,15,-0.0807
CN,安全,能能,3,2294,15,-0.0807
CN,安全,应应,3,2294,15,-0.0807
CN,安全,用用,3,2294,15,-0.0807
CN,安全,主运,3,2294,15,-0.0807
CN,安全,完备,3,2294,30,-0.1715
CN,安全,生成式,3,2294,30,-0.1715
CN,安全,决策依据,3,2294,30,-0.1715
CN,安全,群体,3,2294,30,-0.1715
CN,安全,跨学科,3,2294,45,-0.2246
CN,安全,法律,3,2294,75,-0.2915
CN,安全,突破,3,2294,90,-0.3154
CN,安全,办理,2,2294,15,-0.127
CN,安全,支持,2,2294,15,-0.127
CN,安全,例如,2,2294,15,-0.127
CN,安全,连接,2,2294,15,-0.127
CN,安全,科研院所,2,2294,15,-0.127
CN,安全,跨地区,2,2294,15,-0.127
CN,安全,强制措施,2,2294,15,-0.127
CN,安全,性格,2,2294,15,-0.127
CN,安全,多样,2,2294,15,-0.127
CN,安全,源头,2,2294,15,-0.127
CN,安全,沙箱,2,2294,15,-0.127
CN,安全,功能模块,2,2294,15,-0.127
CN,安全,有权,2,2294,15,-0.127
CN,安全,特殊,2,2294,15,-0.127
CN,安全,达到,2,2294,15,-0.127
CN,安全,奖励,2,2294,15,-0.127
CN,安全,财政,2,2294,28,-0.2047
CN,安全,传授,2,2294,30,-0.2133
CN,安全,注意事项,2,2294,30,-0.2133
CN,安全,资本,2,2294,33,-0.2251
CN,安全,难以,2,2294,39,-0.2459
CN,安全,视频,2,2294,72,-0.3222
CN,安全,打通,1,2294,15,-0.1963
CN,安全,跨国,1,2294,15,-0.1963
CN,安全,成图,1,2294,15,-0.1963
CN,安全,重复,1,2294,15,-0.1963
CN,安全,预设,1,2294,15,-0.1963
CN,安全,提问,1,2294,15,-0.1963
CN,安全,环境参数,1,2294,15,-0.1963
CN,安全,司法,1,2294,15,-0.1963
CN,安全,有重,1,2294,15,-0.1963
CN,安全,权利,1,2294,15,-0.1963
CN,安全,未成年,1,2294,15,-0.1963
CN,安全,下输,1,2294,15,-0.1963
CN,安全,数量,1,2294,15,-0.1963
CN,安全,给出,1,2294,15,-0.1963
CN,安全,惩罚,1,2294,15,-0.1963
CN,安全,平下,1,2294,28,-0.2678
CN,安全,匹配,1,2294,30,-0.2757
CN,安全,帮助,1,2294,45,-0.3221
CN,安全,攻击者,1,2294,45,-0.3221
CN,安全,极端,1,2294,45,-0.3221
CN,安全,禁忌,1,2294,45,-0.3221
CN,安全,充分发挥,1,2294,60,-0.3551
CN,安全,制作,1,2294,60,-0.3551
CN,权利,控制,14,15,125,0.6294
CN,权利,明确,14,15,208,0.5458
CN,权利,监督,13,15,60,0.7288
CN,权利,具体,13,15,63,0.7209
CN,权利,持使,12,15,23,0.8601
CN,权利,数据,12,15,953,0.264
CN,权利,归属,11,15,30,0.7926
CN,权利,协议,11,15,105,0.5948
CN,权利,算法,10,15,505,0.3269
CN,权利,服务,10,15,796,0.2561
CN,权利,同意,9,15,30,0.7376
CN,权利,缺陷,9,15,207,0.442
CN,权利,告知,8,15,54,0.6185
CN,权利,责任,8,15,87,0.5468
CN,权利,审慎,7,15,45,0.6135
CN,权利,主体,7,15,45,0.6135
CN,权利,选择,6,15,45,0.5776
CN,权利,确保,6,15,274,0.3173
CN,权利,知情,5,15,15,0.6915
CN,权利,链条,4,15,60,0.4514
CN,权利,禁忌,3,15,45,0.4344
CN,权利,可追溯,3,15,45,0.4344
CN,权利,注意事项,2,15,30,0.4125
CN,权利,落实,2,15,60,0.3262
CN,权利,数据安全,1,15,162,0.1072
CN,权利,范围,1,15,195,0.086
CN,风险,人工智能,141,174,3546,0.092
CN,风险,安全,73,174,2089,0.0493
CN,风险,技术,44,174,1088,0.0737
CN,风险,应对,40,174,434,0.2357
CN,风险,强化,39,174,313,0.294
CN,风险,应用,35,174,60,0.5861
CN,风险,发展,35,174,796,0.0866
CN,风险,处置,28,174,90,0.4454
CN,风险,社会,27,174,562,0.0988
CN,风险,研判,25,174,30,0.615
CN,风险,创新,25,174,328,0.1811
CN,风险,措施,25,174,357,0.1658
CN,风险,投资,24,174,30,0.6031
CN,风险,衍生,24,174,30,0.6031
CN,风险,监测,23,174,98,0.3794
CN,风险,防范,23,174,369,0.1425
CN,风险,财政,22,174,28,0.5906
CN,风险,引导,22,174,60,0.4555
CN,风险,带来,21,174,184,0.2466
CN,风险,治理,20,174,524,0.0535
CN,风险,资本,18,174,33,0.5079
CN,风险,评价,18,174,102,0.3147
CN,风险,冲击,17,174,60,0.3919
CN,风险,政府,17,174,179,0.2066
CN,风险,资源,16,174,240,0.1451
CN,风险,融和,15,174,15,0.5931
CN,风险,长期,15,174,15,0.5931
CN,风险,战略,15,174,15,0.5931
CN,风险,前瞻,15,174,30,0.478
CN,风险,可信赖,15,174,30,0.478
CN,风险,就业,15,174,41,0.4262
CN,风险,合规,15,174,60,0.363
CN,风险,制度,15,174,69,0.3398
CN,风险,透明,15,174,90,0.2957
CN,风险,评估,15,174,188,0.1734
CN,风险,监管,15,174,220,0.1473
CN,风险,模型,15,174,1093,-0.1188
CN,风险,分担,14,174,15,0.5751
CN,风险,风风,14,174,15,0.5751
CN,风险,险险,14,174,15,0.5751
CN,风险,实时,14,174,30,0.4613
CN,风险,预警,14,174,49,0.3808
CN,风险,环境,14,174,232,0.1256
CN,风险,确保,14,174,274,0.0983
CN,风险,管理,14,174,388,0.0412
CN,风险,考核,13,174,15,0.5561
CN,风险,过度,13,174,15,0.5561
CN,风险,安安全全,13,174,15,0.5561
CN,风险,帮助,13,174,45,0.378
CN,风险,农业,13,174,50,0.3609
CN,风险,主动,13,174,60,0.3313
CN,风险,应急,13,174,98,0.2518
CN,风险,歧视,13,174,112,0.2301
CN,风险,农民,12,174,15,0.5362
CN,风险,态势,12,174,15,0.5362
CN,风险,共绘,12,174,15,0.5362
CN,风险,退出,12,174,15,0.5362
CN,风险,生生安,12,174,15,0.5362
CN,风险,沉迷,12,174,30,0.4252
CN,风险,系统安全,12,174,45,0.3603
CN,风险,响应,12,174,60,0.3143
CN,风险,积极,12,174,105,0.2247
CN,风险,算法,12,174,505,-0.0267
CN,风险,经营,11,174,15,0.5151
CN,风险,创业,11,174,15,0.5151
CN,风险,美丽,11,174,15,0.5151
CN,风险,预防,11,174,30,0.4057
CN,风险,创造,11,174,36,0.3769
CN,风险,幻觉,11,174,45,0.3417
CN,风险,综合治理,11,174,60,0.2962
CN,风险,安全意识,11,174,60,0.2962
CN,风险,知识产权,11,174,69,0.2742
CN,风险,识别,11,174,211,0.0977
CN,风险,体系,11,174,225,0.0876
CN,风险,分级,11,174,258,0.0659
CN,风险,加快,11,174,309,0.0375
CN,风险,机制,11,174,377,0.0061
CN,风险,国有资本,10,174,15,0.4926
CN,风险,映射,10,174,15,0.4926
CN,风险,人人,10,174,15,0.4926
CN,风险,机工,10,174,15,0.4926
CN,风险,工智智,10,174,15,0.4926
CN,风险,能能,10,174,15,0.4926
CN,风险,应应,10,174,15,0.4926
CN,风险,用用,10,174,15,0.4926
CN,风险,衍衍,10,174,15,0.4926
CN,风险,中国,10,174,30,0.3848
CN,风险,劳动就业,10,174,30,0.3848
CN,风险,侵犯,10,174,30,0.3848
CN,风险,充分发挥,10,174,60,0.277
CN,风险,精准,10,174,75,0.2423
CN,风险,可靠,10,174,90,0.214
CN,风险,共同,10,174,105,0.19
CN,风险,认知,10,174,135,0.1509
CN,风险,智能化,10,174,274,0.0408
CN,风险,影响,10,174,433,-0.0304
CN,风险,倾斜,9,174,15,0.4686
CN,风险,思维,9,174,15,0.4686
CN,风险,少年,9,174,15,0.4686
CN,风险,结构,9,174,39,0.3224
CN,风险,服务业,9,174,47,0.2938
CN,风险,协调,9,174,60,0.2564
CN,风险,空间,9,174,75,0.2223
CN,风险,保障,9,174,95,0.1861
CN,风险,环节,9,174,105,0.1708
CN,风险,可控,9,174,135,0.1323
CN,风险,平台,9,174,174,0.0935
CN,风险,信息,9,174,727,-0.1253
CN,风险,农具,8,174,15,0.4426
CN,风险,激发,8,174,15,0.4426
CN,风险,减少,8,174,15,0.4426
CN,风险,画卷,8,174,15,0.4426
CN,风险,对接,8,174,15,0.4426
CN,风险,政策法规,8,174,15,0.4426
CN,风险,赋能,8,174,60,0.2342
CN,风险,价值观,8,174,119,0.1312
CN,风险,产品,8,174,301,-0.0083
CN,风险,输出,8,174,405,-0.0529
CN,风险,建设,8,174,432,-0.0626
CN,风险,数据,8,174,953,-0.1815
CN,风险,天地,7,174,15,0.4142
CN,风险,采购,7,174,15,0.4142
CN,风险,原理,7,174,15,0.4142
CN,风险,注意,7,174,15,0.4142
CN,风险,农机,7,174,28,0.3222
CN,风险,培训,7,174,45,0.2523
CN,风险,技术标准,7,174,45,0.2523
CN,风险,坚持,7,174,75,0.177
CN,风险,公众,7,174,120,0.1078
CN,风险,原则,7,174,120,0.1078
CN,风险,结果,7,174,172,0.0547
CN,风险,基础,7,174,197,0.0347
CN,风险,模式,7,174,240,0.0056
CN,风险,撑能,6,174,15,0.3828
CN,风险,留才,6,174,15,0.3828
CN,风险,左右,6,174,15,0.3828
CN,风险,技能,6,174,30,0.2829
CN,风险,体化,6,174,30,0.2829
CN,风险,包容,6,174,39,0.2451
CN,风险,政策,6,174,45,0.2245
CN,风险,选择,6,174,45,0.2245
CN,风险,关系,6,174,75,0.1509
CN,风险,规则,6,174,105,0.1024
CN,风险,感知,6,174,166,0.0364
CN,风险,攻击,6,174,252,-0.0238
CN,风险,场景,6,174,583,-0.1446
CN,风险,系统,6,174,632,-0.1562
CN,风险,作业,5,174,15,0.3474
CN,风险,更富,5,174,15,0.3474
CN,风险,引才,5,174,15,0.3474
CN,风险,成为,5,174,30,0.2501
CN,风险,审慎,5,174,45,0.1931
CN,风险,动态,5,174,75,0.1214
CN,风险,调整,5,174,81,0.1106
CN,风险,设置,5,174,84,0.1055
CN,风险,基础设施,5,174,165,0.0107
CN,风险,成效,4,174,15,0.3064
CN,风险,议程,4,174,15,0.3064
CN,风险,数字,4,174,45,0.1569
CN,风险,激励,4,174,45,0.1569
CN,风险,险进,4,174,45,0.1569
CN,风险,法律法规,4,174,60,0.1177
CN,风险,加速,4,174,101,0.0468
CN,风险,控制,4,174,125,0.0178
CN,风险,合作,4,174,205,-0.0495
CN,风险,分类,4,174,226,-0.0628
CN,风险,开展,4,174,240,-0.071
CN,风险,训练,4,174,424,-0.1485
CN,风险,和国,3,174,15,0.2572
CN,风险,中长期,3,174,15,0.2572
CN,风险,话语权,3,174,15,0.2572
CN,风险,交流,3,174,30,0.1664
CN,风险,重构,3,174,45,0.1133
CN,风险,岗位,3,174,63,0.0692
CN,风险,必要,3,174,89,0.0239
CN,风险,避免,3,174,93,0.0182
CN,风险,涉及,3,174,110,-0.0038
CN,风险,学习,3,174,121,-0.0163
CN,风险,保护,3,174,163,-0.0553
CN,风险,伦理,3,174,235,-0.1033
CN,风险,决策,3,174,346,-0.1539
CN,风险,危等,2,174,15,0.1938
CN,风险,期权,2,174,15,0.1938
CN,风险,抢占,2,174,15,0.1938
CN,风险,诸多,2,174,15,0.1938
CN,风险,基础理论,2,174,30,0.1076
CN,风险,互联,2,174,45,0.0571
CN,风险,披露,2,174,45,0.0571
CN,风险,准则,2,174,66,0.0095
CN,风险,传统,2,174,98,-0.0397
CN,风险,机构,2,174,120,-0.0649
CN,风险,股权,1,174,15,0.099
CN,风险,智慧,1,174,30,0.0196
CN,风险,因素,1,174,30,0.0196
CN,风险,专业,1,174,45,-0.0268
CN,风险,不断,1,174,60,-0.0597
CN,风险,关注,1,174,75,-0.0853
CN,风险,依赖,1,174,83,-0.0969
CN,风险,教育,1,174,117,-0.1362
CN,风险,经济,1,174,137,-0.1543
CN,风险,研究,1,174,166,-0.1763
CN,风险,国家,1,174,238,-0.2175
CN,风险,形成,1,174,249,-0.2227
CN,风险,服务,1,174,796,-0.3558
